cookie_id,score
ck_315fb710a0e371e7,0.002056365344119318
ck_a76ee3b3e3e522fd,0.13912134735086715
ck_94c9a4d382689e82,0.04584800060700692
ck_8eaf9509ad9462a0,0.001147386733528869
ck_9a88a5a989cb5bc6,0.007106216289577612
ck_15239ef0689c1a35,0.013577055287363537
ck_8de69cd219d3b87f,0.20504318082614204
ck_f92cd37022b0ce21,0.029849775925875482
ck_1a3ff7620580a514,0.007198474936635855
ck_397c03aa33a57310,0.09929177275231947
ck_a7cf6c3b322f6b7a,0.005706205522878252
ck_c39a9e75760e3201,0.0045298180533159755
ck_88ab6d245228c38e,0.0006059584793966764
ck_17733f75ebdea93e,0.002337047042893088
ck_58eb871e8d7bed52,0.020412665826683055
ck_e55b7fa67db1ec27,0.002154937414483424
ck_62f5cfe22c952694,0.005200164931151971
ck_7fbb709a0fe95759,0.0012084874588701574
ck_87abe9cd066a20fb,0.0692747007638488
ck_d58e058b5c553dd5,0.006097008825764842
ck_d27b872648b71202,0.00640161910331958
ck_4b4a3c5b95c55b43,0.004157589275369778
ck_66dd4f4b4127256d,0.0015251005774090018
ck_93cc12703b500613,0.06868612721846784
ck_d28806a2179092eb,0.9894612118693439
ck_0595c2a0c7881e05,0.014758265211345278
ck_50087d8666191144,0.22792400549346278
ck_b08b3f089138c901,0.009439650456243719
ck_fe3b67041dad2dd1,0.0017504249378713093
ck_8449a28f7d475d93,0.03822496827231783
ck_8642e3b6d84f49d3,0.02456174379246974
ck_e49b5e4f2f2e79db,0.48918337087814273
ck_437afe412ea4259c,0.16478221177425884
ck_569b83668d74042d,0.527341293256946
ck_233a487d31c3e631,0.9925013016110908
ck_1fca72e03143a645,0.8701181274456817
ck_79205e31223df2ad,0.028563903584880923
ck_9625a64406ea16e3,0.005094840298970587
ck_079bd18dacb704a8,0.5113965795652315
ck_4db6d4fd2b49aa81,0.041103562105430466
ck_0dbefdac0a1868fb,0.0030945364820877974
ck_24ff97ad90bdd69a,0.11015271613237715
ck_77f8c5042065d506,0.0051390145171400425
ck_f11be8ce05382cec,0.006966502129644643
ck_c9d72140b0389216,0.07034673673276769
ck_69eda24e931fb36a,0.0007467303360734579
ck_ed471e496916ee15,0.0021911327336662377
ck_ff090498c4b17ac3,0.0036727668524122797
ck_c3c19d6a0720915c,0.0022443014744660717
ck_af02e1817cfa40b5,0.01834440544648537
ck_2df5a9fc87553eb1,0.004647039114528754
ck_4ac918e884cff336,0.027931764832919558
ck_ca149244b54ef3ad,0.0008371406022593493
ck_6babe5b8674ff51f,0.017844802446605818
ck_1573878386886290,0.004432137677332731
ck_3925f8565abb7fe4,0.009853586792126546
ck_c4de808ae69c771f,0.000908241189281148
ck_a777c813551281fe,0.004350540038112791
ck_df4424f6dd85080d,0.07136961281088096
ck_85e5494ec20383ae,0.024922159772698908
ck_f71a4094e889c3af,0.00891855099888139
ck_f2f3cf9cd23b2809,0.039036658950358974
ck_18e2076397bcc211,0.046658805659755755
ck_c9f9fddef39bc664,0.037723298843363756
ck_7e826e233d6ea028,0.012734884098687624
ck_62fd7eb46bee9210,0.004519619978775759
ck_206f8e3cd72768f3,0.03635021752709703
ck_aa295a11b0a6ab36,0.015048459827292696
ck_9a56739d81f84a53,0.004318815484958534
ck_aa075c418ed9fe5a,0.012843286408093867
ck_62b9fb3db284941b,0.0073640703558741135
ck_f4f83b1403ebea46,0.009419621572981969
ck_16b66bd803288bc3,0.2799596101556702
ck_c4ca1434f3778f1d,0.988907256190239
ck_1b823610371a29c0,0.005099466968651297
ck_c2bd5a722aa637d9,0.009147846305074661
ck_7890208951df34f0,0.028946651969495356
ck_020eb0e454524ecd,0.002023457033050897
ck_3b66196ccf436c35,0.003418211586936631
ck_109fc467ec0a4af5,0.03693028578760518
ck_f3dcd818db92de7b,0.01694690545608522
ck_31e7742f160980ef,0.03252513531200123
ck_77fce5f86f00b8f4,0.2999962924283867
ck_46bc797b4d07d607,0.006199770325637591
ck_37899b1b571b1c6b,0.012934218293165144
ck_ef8a6af43fedd464,0.003150465199980049
ck_bcc8519fe8521038,0.02269610198219257
ck_90696b7182dd9129,0.01965422899855186
ck_4a24ad61d017e1ba,0.04799227545742815
ck_0acc3d8c67218b9d,0.00943285872164017
ck_05c97fc9de11aba6,0.1466603681128265
ck_f8ac3a0500c0ec62,0.015356015477678855
ck_617b65141f546a1c,0.0028194174547793815
ck_9d00823bf60388d7,0.029220739400075465
ck_123c15d93f1840f2,0.3190779580252792
ck_573feefba6bf78bb,0.06703605335617392
ck_b25657bd16739036,0.01313161054361566
ck_bd26d2bef14a8597,0.007410724845873556
ck_a553418f2fba1440,0.014346953225134042
ck_89f3e380b0686963,0.007712617793832198
ck_b359192aa659bdce,0.044778953861602626
ck_02241f3dc301bebf,0.009361109028351904
ck_5ccc1a1c78cb33ee,0.07242467359078378
ck_349cc5edda1b8853,0.05161430391131258
ck_e9f228845bf6e28b,0.10167332711264805
ck_0a45d033d4e280ea,0.0172034457924436
ck_7e63168dda612235,0.005584245001961171
ck_676fa5f6aae5475b,0.008245596891739024
ck_74b502b20690ccfe,0.022768625657025438
ck_073509af21dd7f5f,0.377043671522151
ck_498a0acd450944d8,0.00482335318317019
ck_7f15b50b29dead01,0.007326873345419935
ck_8089fe7403c5f537,0.006325218066117685
ck_05b2b04e11d9ae9c,0.027413209360820895
ck_31e70f2f04b48b88,0.001339483829121407
ck_994316fa5a02b319,0.00047607906700580983
ck_b76510998b9a2260,0.01079760171505933
ck_4db95c310e105d30,0.002672311314141128
ck_6f730b77dc6cdb84,0.009787905196657409
ck_2493ee8e7b91d304,0.04031589665437904
ck_92d679d6ac7dcdcb,0.1244307544601016
ck_3a0e0200cbb185cb,0.0268779573902135
ck_0b2eeb4e00ff7955,0.03915173303942858
ck_9843d0e61c37ebe8,0.9836884026770957
ck_e61c8721e3ef1921,0.003453951160257004
ck_2e0eedaaf2980c2c,0.008853841612457756
ck_9036b2e5e9298a34,0.011199575392539109
ck_3265442528d51728,0.015399723549281957
ck_f2ddae2eb1cb29b4,0.011656765323674117
ck_6cfa71d27fc27f92,0.02148693656009984
ck_f3199fbe84a28b9a,0.09647347971783396
ck_b78d785ca3ef773a,0.005051031707171837
ck_374865697f1480eb,0.015838445136788535
ck_06d0e4a9189302a9,0.035173925714395295
ck_9c9884b9bcaa552e,0.17195599599591457
ck_fd4cf578e87703ff,0.03610389866570974
ck_1917ef3e6e345549,0.15777298253525826
ck_e70418b00cbbbac9,0.014778274361610819
ck_a60388296a47062c,0.026643906853475747
ck_d598fe8d2c779ab9,0.010064246985362416
ck_646dc03de4c31803,0.7440159118016356
ck_e4fd8cbd842b6993,0.0015294316330646382
ck_2225b555aa2a42ed,0.018271395417610126
ck_6be8ae9d78148882,0.004334377800153925
ck_4199342d3aca74e8,0.0904251572416926
ck_779581adb573261f,0.013213480819387181
ck_bb303568b6915205,0.054453832977281416
ck_17c4296276448afe,0.007819732944925823
ck_a60a61ac829252a0,0.002573099519479164
ck_6ea70950c1cae00b,0.9189335745440271
ck_1abb93f6924645e1,0.03308990289022618
ck_faab769cce19879a,0.06446445249711331
ck_d5b8e74e7ca6355a,0.010141372414385685
ck_f11f7691af16ad07,0.0024947300155475096
ck_188fdf2be7c92e9d,0.9911989606020658
ck_4a103f8254b366f7,0.011703708584679071
ck_bfa17a0b1760e616,0.004964383507210362
ck_a4d7f6a5869d440a,0.907507911399498
ck_58e20f5a3e7f11b8,0.8655656760848233
ck_4becdd3d2696c7ba,0.00374011115484653
ck_dad5cf32ab9f243f,0.006927845067094664
ck_7d9f73dc7c4f90c3,0.15978141542542143
ck_c19371047a2d011d,0.004269650804095881
ck_247589ff532f7aa8,0.01824853338409605
ck_7a9f241d5f082567,0.002932675987176989
ck_0a2b7078736b4dda,0.0031372642263202306
ck_687b412e2aac7eb6,0.0049991367543167
ck_fce0b6855886a0b8,0.02511095757330641
ck_e291cc60920456d0,0.12561185331317076
ck_04219a7ea798db51,0.054789838273719
ck_286bfd719836e9f3,0.12405094392839347
ck_55efc92394fee232,0.008296020685701297
ck_e36c8da1bd359960,0.05568795204978598
ck_34b0988a97d96902,0.010693210162747924
ck_e0fb11fc9dcb34e6,0.009463120697346294
ck_bcc9cbc9ed8b7c31,0.01612695064542129
ck_3df8da6f60a89a5b,0.0178857781809211
ck_b1495ee5c59a6b28,0.022332012464986062
ck_58f4c3ac61fda129,0.07171967552482218
ck_735f244b99e3aa8d,0.026586566718209966
ck_6b93bd8abf87b1d6,0.799561834330114
ck_12107dacc6d05bd1,0.002858665580863522
ck_f96db2a1f3448d1f,0.005810253825793643
ck_8fd91a3c99e19097,0.009902338821598328
ck_910205d25388a0ae,0.0013888058007949656
ck_d229dfa0e4442628,0.005029515808955231
ck_7cdec61e1c488798,0.044222571485509087
ck_f66f06e24ff32671,0.033538431669533644
ck_350bf14e90b503f5,0.009436528134056474
ck_61fff5fdaadd394b,0.0028803348246122947
ck_e934f984bad2ff91,0.5430784443890521
ck_ff6a6d3547dd2d37,0.048943951582404874
ck_65ad9b15979e3247,0.014986344719084017
ck_bbe1a2ea5a403ad8,0.4437265926012958
ck_6f3a28eecd2c4031,0.014159879284418383
ck_a89b66665714058f,0.006094931558601623
ck_918c92182b6817cd,0.03979789002582108
ck_64f5eb4be9e7b8fa,0.3047059171539729
ck_d021fd497ea35fb2,0.010395543129780804
ck_004de16f7d8a42ae,0.022035890231974102
ck_a33d2325f86ab12d,0.0028823019510475943
ck_89790ff26c844bc6,0.009960911921075373
ck_e6e7257377c37b28,0.14723799378705607
ck_a2cc3910a641a808,0.31167598232940674
ck_646e270e0195bf05,0.004193407542682386
ck_baba5d66def0d770,0.07085197472562998
ck_67cdcdda3033842d,0.413671001666962
ck_b5c3075c811a2216,0.07190070006603012
ck_515379973a8044b8,0.00916024195860714
ck_c0ce85fb4109567d,0.014891483196583418
ck_fef850553862aaca,0.002272976931791575
ck_55d7217b0aff9fa2,0.003868414758903292
ck_8e139f8925ef7968,0.013336141807386698
ck_9e35b908fca1e4d7,0.0024068313414259456
ck_59735f4ab2ad3da5,0.024708108059713737
ck_dc569c1167ccec0d,0.5755332528398965
ck_1dade5592f90a15c,0.025990136720644277
ck_793048d11fb8b328,0.16909050588679692
ck_545b71eb4fa594b5,0.009708304675136977
ck_bd30853e9a57b544,0.02436046440993158
ck_59f46321ecf6d306,0.01794600013633958
ck_260cfe9141d249f1,0.1803665812871788
ck_3365a0ad1a8aa83c,0.0034383755498608864
ck_b0ef193195a2138b,0.013866121158006903
ck_0f909705e2e60f2f,0.0024520790609158577
ck_5a540b75c866166a,0.005878357238976959
ck_87c26b2f41025109,0.9494145834983067
ck_27acc9f320cda104,0.2091437187220552
ck_a27bc31eecd9cb9a,0.01140552137547992
ck_115d86fabde77b65,0.002472368111473619
ck_eeca179341d56f8a,0.768970308562777
ck_8e5999c436cf037e,0.004123886180495498
ck_510e7c5df1f95d90,0.9577213910873321
ck_f1acf73363925958,0.023468611919840964
ck_3c177f5970b68bd3,0.019744084239351554
ck_9cdfaa1c30cc9d32,0.0010376198738321007
ck_c8efa1538b37c359,0.00739574607231184
ck_a8a2e296f9804bd7,0.02836644882674076
ck_91a0ca45f429568d,0.02904777857606064
ck_5fdf8a0bdbd3ed62,0.021644237156425574
ck_0f4e2ec66d50da5f,0.01281442362910043
ck_28c53b214b2ee882,0.1571467230798634
ck_003148504557f720,0.14047026669574722
ck_01d840cffb870615,0.6115946386821153
ck_555848d51f4b5f35,0.05889670977624087
ck_df20cc23b8fb8e22,0.011617409444811655
ck_f9604adde929beff,0.003976254618609618
ck_d66952b03591bdec,0.006175887759835662
ck_ddcac1ab765ff61a,0.04475161953725422
ck_347386629d96c664,0.011560011676455168
ck_ab01db9117acfe3d,0.008295392469380559
ck_58e5359efc52e0ad,0.0038930463475310545
ck_1a524b5cc8da71b3,0.08630083913873336
ck_e9287b6d909d731f,0.0033253931327210653
ck_bb41a66e3d90263b,0.18679581439392945
ck_e95c8cc1864bd584,0.0018988397493327148
ck_7a3f2961e9a8b6dc,0.005134515246062996
ck_378a9df82b1e0bee,0.19424300001041453
ck_42633573639a3f02,0.9613896435274331
ck_2a5a4c18c2c7274b,0.009006939099206461
ck_77549c1a41f837c3,0.030703615724265765
ck_a26704b5b26258b7,0.011328131203187288
ck_9874ad160efddf50,0.004823667998349303
ck_9111e3a04b14dfba,0.027103592297637258
ck_651e076ee43aea85,0.0067487680346599195
ck_391639c0f13932f3,0.0018127479795965553
ck_02dbabda93c8c13d,0.04475161953725422
ck_0adcb1fffcb0a34b,0.021000453484762482
ck_7a43ef9c7b1c67b5,0.001518813039643221
ck_4b9dd69946438d0b,0.00510513650451838
ck_90bf017cdd37b66e,0.07832098948734018
ck_61c74163eb36556e,0.0061728278073926385
ck_13376c59b5bd6943,0.002998411588158089
ck_62337eccb1672737,0.03221803885558498
ck_16077934338472bf,0.009796059914613601
ck_0d4dfd93086e7330,0.013519069849681294
ck_3865b7525b910893,0.011256971121157278
ck_7e2ae8b69ebd5675,0.0038095827562414737
ck_b4384b6c11766ce7,0.0074479184989511005
ck_3d7fa32dfb9fc692,0.06578087373864999
ck_f4a6a7cadd6e0603,0.05895382006040308
ck_212525e2828a6c45,0.009265972784975762
ck_33ad8d53394ba77a,0.5978741377861189
ck_a5051eafe8b51224,0.004857613334903559
ck_f65e5ff7da565f91,0.010944763019120576
ck_5c37f7563fa7591d,0.020991289619188218
ck_f1e0a006068aff29,0.03191632234899409
ck_c646cdead6fb79d0,0.012532569082806422
ck_f8b3cdffef535330,0.07628592472812686
ck_e5cdbe3aa12c97f6,0.01039627207260411
ck_986e4e61440506d0,0.09515517481089429
ck_6da9c5912e15d9a8,0.02050143198980811
ck_51d842e6dae74c71,0.0046669695019402185
ck_5fc65c24e0736d5d,0.8787493583363722
ck_babb95a76c69509d,0.0818446350355501
ck_86a2d852a9715432,0.013078008223862313
ck_db4083a0d043def8,0.2592465183154165
ck_96953b8945b7d403,0.014774521522701775
ck_7831ca5c31fb3859,0.12362379824499664
ck_60ac5e5f375daa38,0.010976032689202525
ck_05d44eb1f5f085ce,0.048522887990796335
ck_432cc19c7eeaa46e,0.022841001737148404
ck_7fc513033af061af,0.1795023471257177
ck_ada6ede84c111719,0.042474017040661415
ck_6343e0d3b1c2962b,0.03145938012118864
ck_010264ae04f2e902,0.5048988352533675
ck_e9dcf535f8c289eb,0.09997737854429815
ck_37143d9cc296e6fa,0.017236627834346967
ck_61fa051192f3e810,0.02025964813215897
ck_f9f93d1d41be1468,0.8280626880698639
ck_c4f4f28457be8a74,0.0010811565156415002
ck_323a71f9452d21cb,0.5599381183876727
ck_170f4688e0acd875,0.1168237327403359
ck_869b1878d09d230d,0.2392662065499321
ck_2f6b33bf46976229,0.002300677770619514
ck_b11e22e75d9b99de,0.0015998220462165888
ck_123d75ffb75b606d,0.004378705931898803
ck_94295287a04c85d2,0.22301049263937575
ck_1b0434f096795328,0.0012498232570009834
ck_0a4e191cd0a57ce1,0.0013752559093346136
ck_d2fbd0df99634676,0.021128127160352495
ck_d51df5e9fbbbcc94,0.037878736025382304
ck_2d3d7d64a6f443f8,0.013443339390796257
ck_731943c682c9394e,0.01450898730104213
ck_5ccc0c94e5e1f849,0.023312221336659004
ck_c3476080516db25d,0.013660970102317128
ck_5010ffb1c94187b5,0.0015917594590350063
ck_7ef666d67bc70223,0.04528797699106686
ck_c1b493527224a27a,0.0033561506870586314
ck_5d1e25d7acc5af9a,0.017091573048793007
ck_ec30b61cbf517db8,0.002625068859670653
ck_79323eb5d2e5efae,0.0034462903548676694
ck_4085cd3bf2661518,0.0069520762474382354
ck_2ca91214c357c072,0.1683950255933668
ck_7f3132d6be389657,0.08837657944370841
ck_e7a6b925c8f39a85,0.018601143474649244
ck_c886adec7bac250a,0.04382922527906034
ck_c3f360c2d0ea0a37,0.009212776616407507
ck_a7acd5b015823793,0.01938258460852695
ck_9d64187c0800f84e,0.007875872249171143
ck_5d4ed73b9efd7d11,0.00511096125224791
ck_874eca6776b34dec,0.002361937590446431
ck_96a9221a87be93c3,0.04137469188088766
ck_68dd79a51eabf5e6,0.14218710688991154
ck_8311cb6755b2016c,0.006056070397130792
ck_16fc77b2bcf5ec03,0.9434524498908948
ck_ad9e2088a33c8c72,0.001099481795201847
ck_7176bbc97b1e42a1,0.007838011576090693
ck_80dfa54b30f65fff,0.5130872530630586
ck_31c54d540b128843,0.0030452621765268027
ck_43ea894480567274,0.06831188790368435
ck_9c9e8a38bd5a6c88,0.028621533345895348
ck_1c2dcae19539e148,0.10920494624604195
ck_b0fa8b84e94d8ae0,0.006442889802894253
ck_4ceb43ccd0a81c2f,0.009149412104348182
ck_ba845332b730b596,0.0032733699276794475
ck_73d3e8c6077f61e6,0.14385590224107173
ck_b5d0d223ef56473f,0.04036852230604804
ck_949f08f8e80e93ea,0.006530342992570469
ck_73de0b49709e5f8c,0.0030232619865493363
ck_b5935e9722a39819,0.04429631462644858
ck_96247fee0eb44420,0.005807510643097922
ck_a6def1e4b2d57e0d,0.02693006950172471
ck_aecdc5a96321a2d8,0.017752662768200967
ck_bc61c59970f8de49,0.009311367140663539
ck_c43b4175fc9ac5bd,0.6737486428636863
ck_8ff7a9b23a55fd62,0.00546146476346137
ck_20c99b645f462449,0.007021067156873591
ck_a5ce2ae36fb410d9,0.0015217615398807178
ck_96fb9bf556842bbc,0.008952217083324271
ck_b5e4c6dbbed1b773,0.028657661451105706
ck_2085433978e72ea9,0.05093292351469473
ck_2c6b174b063ec637,0.014459857164511052
ck_b20b81b88dabe28d,0.009649642183252495
ck_243c18dbf150831c,0.002217176279495822
ck_2bb6a17e8eee35cc,0.03628257406794575
ck_66147fb994495396,0.33321783381058745
ck_73f124f075ede0fc,0.007890440710669825
ck_2e315f1b1e533dab,0.005515837553660072
ck_16c7bf94ed3e7a6f,0.0016306158339320718
ck_4a0eae220a762ac5,0.02988967221707477
ck_dc16f939c2f44ad8,0.27218237086218594
ck_817926b449754917,0.009330728550713192
ck_0c0dde42ab64ef87,0.03840721416836588
ck_cb3a40594da6a2ee,0.1327247306318187
ck_d0dc156441fcfdcb,0.032846994679857855
ck_66f0945add423e9e,0.0044029613878741256
ck_a74f6a3030f5d495,0.06090301954719216
ck_1ae460f331e49ae2,0.03518417923923309
ck_2d177b2f4f0b40c9,0.31334604006194133
ck_92e474e4368c4791,0.009559239930306824
ck_3dee83fa2d109484,0.003365021676011173
ck_80e5ea27848069fe,0.007697416764497933
ck_ed0c4a83701ca230,0.024344298400317713
ck_0b8b7c5c581fd161,0.0013739079599138146
ck_60bf8a2870956fb1,0.015864059330241896
ck_73a54b56a2bf35fe,0.90083962573323
ck_2296d7a563424883,0.0056791436722948155
ck_bc19c383560c7477,0.04539110745353105
ck_861d8e3d88f1079e,0.03479431595598411
ck_3f090fc96c24eb28,0.00590969404040439
ck_9a6a1f8102febfca,0.057395628596044954
ck_541b6ad5d2fa5a39,0.0027825602034635276
ck_a760d38d1bc4de97,0.0052523014612047
ck_7dca4d7ee10b4eeb,0.002669687078141374
ck_15220e78d1545e40,0.016916178004893423
ck_ca24bb0de508efb0,0.01503587046622322
ck_56b389627d8f02c5,0.9865187940545864
ck_48a6754977a44db0,0.0052691705494300675
ck_333a43ec339a04cb,0.07818172424712039
ck_f22aacaf86a65d7e,0.12086178984408172
ck_04bd8a1ffaf3ffd8,0.003598163793276153
ck_2737a72de6b700f3,0.031747473435704276
ck_c35e03b0dd0c3454,0.021997632278879162
ck_e0571312f395cd94,0.011713315305279704
ck_09fab6b9825001b2,0.0031454119274499258
ck_18c3a095606209e8,0.01626614145319786
ck_2a97db9377d01e36,0.007459694968120976
ck_f29dbbfdd2786bd1,0.005385221483912448
ck_35d6c510ad29362e,0.5417008756457405
ck_5468fa99c945d785,0.011471119870600436
ck_6f8102f62c876cc9,0.041721506045820714
ck_91955aab3424ad16,0.003906683745416514
ck_9a43c0c73a39d759,0.023923854350992684
ck_60b023af6d1e30bf,0.8362784315394889
ck_9704c5cf8659cedc,0.015328128812054965
ck_7e5f02b51b9f78bf,0.05594868953860041
ck_7d3a88d1aa649708,0.8946265341791522
ck_8250eddc1ecb07a0,0.027809119318930934
ck_d979ef95ee44023d,0.033932404715777166
ck_5e5461dac83531ac,0.019579809413815253
ck_d1bb8890081e0a31,0.03726387771479286
ck_32246c62640648d9,0.0017465709407661369
ck_77a40c7d2f862a32,0.046752693504752835
ck_1c8b94efe9238f5b,0.010504219357836993
ck_eaf3b6d11bc3cb11,0.0014079540798548115
ck_a4a7ef3ad799c380,0.004268698266427358
ck_d5bd8f68da073cd8,0.004374699641937544
ck_6e6258227fc8db7f,0.001020401078135583
ck_c35d444e05799db6,0.018736145296279774
ck_74665e1209140ae8,0.03549905570352963
ck_353a272478f7e903,0.012540298470734259
ck_a2c9796ea229a4e2,0.006531145166252666
ck_e0171f91cb3411fe,0.019056343176155476
ck_703499f5410280f7,0.0025939379542488433
ck_ae3a763997f8f385,0.036519916265076405
ck_f7ff94c3df5ac874,0.009465288961639258
ck_f3c16d8f747db046,0.020572469688582423
ck_7ef019ed77276496,0.0019896189616782885
ck_d6a4faadab58a3de,0.03559627108056002
ck_ba7b78d31d74c794,0.015342451077150971
ck_36287d063350ce9d,0.009555373108781863
ck_5177fc7137ff26ce,0.006260446596300214
ck_dfd4e79aaa967b63,0.005909208030502143
ck_fb44d15fb93a7157,0.05339188174700884
ck_fca478361870a4ca,0.007902291730120949
ck_e57b94fe57341058,0.010177264256876312
ck_5448c946cc4758fe,0.009892993386930508
ck_c5ece5ffb8800ad4,0.008947688254144928
ck_11cb98211b2ed134,0.9216512933313278
ck_f655399ac75c4450,0.01262693559885539
ck_c817259019588d30,0.02258588343146005
ck_8740a14d8096c6e1,0.03620291135943793
ck_0c5ba86f4e05b38d,0.014744136137037995
ck_ccc917533d4b73d4,0.021016159312212252
ck_9eb80edfa43203de,0.0050033242894112675
ck_d1a1cf4cf61d6801,0.017459646277051794
ck_b17c239f160e6017,0.011802114586347128
ck_410c3e13b48e0415,0.0022982902420269546
ck_ab553954435e8854,0.8554585575387951
ck_bdbb4230c91e1604,0.01081160858401916
ck_8fd4937eadd64fb6,0.005521628176424081
ck_e0e90b196bef3c11,0.002595585929245059
ck_3dc4d464386f0eb2,0.1580511366036214
ck_51bbbf8f8e8ad005,0.9925576830000865
ck_c05737ab74cf03c6,0.10500139364165556
ck_dceabbe04d99afc2,0.009694028325121872
ck_5b86fd14e85bc9c7,0.5269271031656045
ck_d4febf0083800424,0.040266139674817916
ck_77d9f86dcf251739,0.016104398782480874
ck_b4dcebc543deaafb,0.02535266948674073
ck_cb856e75c949b0cc,0.0004429506335440744
ck_61b067de8ffc1ca1,0.1177285607240227
ck_c0e8560ccfd9dd9d,0.004425375732179232
ck_173e1198c341087b,0.005562271153353201
ck_b4d55bc809000276,0.02387651368739285
ck_839bf139296b5cea,0.0055132782312872185
ck_78cd402a2a4f2e35,0.00687520347711781
ck_c2925c50ebacbdba,0.003451952823093681
ck_5e3bc76eddbdb0a6,0.0024092468585466134
ck_b7793edca26fc512,0.024857587309949303
ck_d79bdf04d6f31cd5,0.0061084675911997595
ck_4b97d19ed946f503,0.00900065682247051
ck_37139b41c5370523,0.1079987369433465
ck_8c346eeefa9ce692,0.016343287881847388
ck_2ab7eddee2d8c49e,0.0030006201257402293
ck_29da59ea3bffb9d8,0.09788348072264651
ck_c1d05ef0ec6e4be7,0.006406859970107767
ck_3882423b449f6291,0.8136563189676774
ck_5647030283171ed5,0.585390325711826
ck_efbdcd9c181e72ca,0.007007464728482898
ck_192fdad892782daf,0.07045863055633124
ck_0bf2e13b9f2601ac,0.02428632416208756
ck_3d6046a533057795,0.0010593380468010298
ck_279a1d3a3836e5cc,0.08132689063291962
ck_c375e929becde422,0.012187378532200284
ck_a59e90219939a1f0,0.0032855995993314084
ck_4e9fba1ec54c3ff8,0.006939721304698801
ck_bcbd8588a13f5eef,0.0004423889541249679
ck_5f9a7ff990341bdd,0.00443536855734182
ck_e0403d507519b7d2,0.002900373184480909
ck_c9490cb61aff5112,0.020501177370957753
ck_41dd44308e6a665a,0.17459209165343878
ck_76c23726cd7ca947,0.011594424766747413
ck_9be551300209fa83,0.027655494553598947
ck_a98848eec6c9581e,0.008044106200315931
ck_61176dafb33b2d8a,0.9487346198876124
ck_92de019e05971ce3,0.04222359523214102
ck_5d644224135d7c65,0.008447263486141878
ck_c767fc454fa215d0,0.012691930173851543
ck_5df85a8924e11f27,0.023617887477775
ck_da2729307af06ed5,0.032449349671107144
ck_7c6b577174af7a78,0.010115536989030007
ck_893b8afbe11301e1,0.005206806815389625
ck_e06f6fed020ae014,0.008249414814248778
ck_386680372fb54857,0.002432825681023257
ck_7a7f3c4fe0c9d2ca,0.005127125709590721
ck_f908b527c4db422d,0.05976403977042149
ck_ec2eee6a133e9a6f,0.0201257326063408
ck_d98934f9fe0b02b3,0.0028215967314877076
ck_398a1ed77b0130e5,0.006782098422559514
ck_d960af7a55b892b1,0.00496726047304099
ck_4637e54a9f79e2e7,0.0034958085951115074
ck_02b9f418524f6650,0.027888547389919183
ck_d4b23804cebb045d,0.02190962695513265
ck_35b1939c48182a9a,0.0049778519719627465
ck_2dcbb71e39d64305,0.03727975529028543
ck_47a884dec960ff2d,0.006157894471673547
ck_71fd8c346fde5cca,0.03510273757413085
ck_98e1992ac8e7d2de,0.04069778833182354
ck_ae7780327e210522,0.028253801476683632
ck_e6c584b4b1ad6d9d,0.005606064190405693
ck_344b2e326a6c3dcc,0.007536824005862051
ck_9aa899a5230b0963,0.02183585093608501
ck_e48d14d5b70ef5aa,0.01577094147587293
ck_59d380a0973b3951,0.008548127169355612
ck_11318f7c041a5ba9,0.003016214283650158
ck_7061786fe2f22f5a,0.021622531748647908
ck_e77529651c416cf7,0.009778848464391717
ck_7f79878197340435,0.005374320296436032
ck_b0a0fb0ee9ebf106,0.006694703787482197
ck_70c7679199776a90,0.015188827585574199
ck_b9facd2210daca5c,0.05038724742410484
ck_9949f53c155b8dde,0.003582211932974667
ck_1c607e24f2c4397a,0.05982278257520522
ck_aefd1ce3ce093cbd,0.0008717160918775478
ck_5a29b7018e43280c,0.004093577491520135
ck_69eb0b2ccfbe5f95,0.026730545784421356
ck_fe037765aa465c58,0.0032415372066303422
ck_5e512ef5362a3dd6,0.00553518204985673
ck_544a9e80b7fdc279,0.006924075363370548
ck_7825494e654d5695,0.006537267605356802
ck_f1f2c3c623553f0d,0.0005971401677311818
ck_52730906e5b461eb,0.48017994852984636
ck_01e0689157fe9617,0.5859920648206479
ck_9da82e567074da9d,0.050907470924734785
ck_6a17384072f904c0,0.0376263941305336
ck_8d84d771a21942a7,0.004877382123861205
ck_39638880292782a7,0.017333538235405815
ck_7d51c86e0eec72ac,0.016281692769933662
ck_45f4c821c70d134f,0.3460893912985324
ck_0af3c13ba56ce57c,0.0038191958826873187
ck_0789a05e061b2784,0.6118310757003773
ck_6ba091eb42ffa9fb,0.3482710705243833
ck_265accb3c5c32620,0.19558078168964718
ck_179039559ff7566c,0.029800840982062538
ck_17c0a6a92b5765cf,0.004347668999074883
ck_59371c9140239fd7,0.032210153431516814
ck_f9c4f8b4ce2691f0,0.041677095494766545
ck_a2637e4872cf4811,0.10856660850469203
ck_1de43fd6c6c22a5f,0.08638283316477245
ck_6e4f31bd108571f0,0.0015240632121689712
ck_da06d97db0b18851,0.0031011102559542728
ck_e0346d5081e640e8,0.03877297422287218
ck_c1c7d4e62c9fcded,0.5730245495256511
ck_2595669e421299f6,0.0467001203633716
ck_3b6057d51fd4c7d6,0.004531591464930078
ck_c5f8ab515840a0fe,0.030368640427128682
ck_435cb24538c6f77c,0.07703846797020075
ck_d84b5403da4cea7b,0.0373151245146611
ck_c2b61a98d1c8f6dd,0.7598707625885753
ck_c9dcd92b2f836b61,0.09862018114512086
ck_9eb5b3f5f672c2b1,0.0033779362941876406
ck_e4cf189a8d31649a,0.0029486488632121687
ck_6b114f2a48152b96,0.0021269234518445763
ck_3fb95862b70f505c,0.056194369765935996
ck_7f780f465c29398e,0.007430376774546105
ck_ee387f9da79e67ea,0.04937542594979623
ck_fa3b1e85d27af2ee,0.03468892248112695
ck_e739eaaa7a1822f2,0.06791823237886419
ck_dfa0ac11fcb1dabd,0.001463829183219609
ck_6e8751b571ea54d1,0.01550497280520732
ck_2d695f8358383092,0.02221564526014595
ck_e7dce27edb700f27,0.0034191123837343526
ck_e322da8b213eab52,0.0010921581025809676
ck_d0b32e039abb8200,0.003914278258218112
ck_b354003302b272ca,0.0044708165365658446
ck_f7485cba392bc294,0.19247960793663638
ck_d6a290ff8362c7b9,0.1632775417898358
ck_c56a44fe315c0389,0.008261118056187844
ck_f77dfe6512eae322,0.03138766249091879
ck_35fe969c58b9e70b,0.07047186854064254
ck_4c518637db2322d5,0.07829882947712286
ck_cb61902798ecc4fd,0.023688280213220884
ck_56e6cfa32156a916,0.0025149567341986143
ck_343e6ed2b9d35c01,0.011932631663381816
ck_51440f64f7250ad7,0.04529123177390532
ck_295bca29c34cfe2e,0.050947652830728635
ck_dd30558576b45e7b,0.011752540821344509
ck_3a30132a57181fe3,0.030846229130102196
ck_4a733aeb833406f4,0.006056868945409993
ck_1b0b7c3d35ab1259,0.04887601945583983
ck_962c3bbf27cd4b80,0.08188693230582512
ck_9528e1d6b1707870,0.0311458315654848
ck_b3263e7f31aab45f,0.02647988420990181
ck_e69195a3c885053d,0.0008193488128082499
ck_a907fa8795cd4baf,0.0020650021107716005
ck_205c3405045bd835,0.004118423790287607
ck_e81fc223bed3c46a,0.030984080557845538
ck_363751deae40edfb,0.2175893264308728
ck_6176baea8cbebbb6,0.008818423362324789
ck_633e6579f5c74a5c,0.4385697019387885
ck_ddc11fc481eef58d,0.05724726699679996
ck_e975002c979e12c7,0.050906466954642904
ck_8e039b23acaaac00,0.02780542510290573
ck_1d6990d94a4d2ad6,0.025456380159993543
ck_e7b583acaa3171a2,0.02409648036625407
ck_c0133f60d39b2fb5,0.01750718821916006
ck_7d6bff85e7a694bc,0.0015263648471647727
ck_d305b4d82f63f647,0.004879047568758683
ck_22bd0fc71f95e048,0.12926071308828418
ck_9a65fcfc7916f93f,0.001131752304090491
ck_d61c837b0106085a,0.042545409173565994
ck_be86a1db08dea456,0.04087677202445334
ck_90489c405e6886d8,0.00456203787961965
ck_0add2c321d579d75,0.029800840982062538
ck_482dea6eed92cbbc,0.00694347291240936
ck_c24b47184534cc2c,0.9754860361002395
ck_fa04ac31e596e7d6,0.029954695289956368
ck_084322dc5a3a86f0,0.014179814066744005
ck_ccb72a33cc1877b7,0.028826900175153734
ck_afaf374009d3b248,0.01214248022126477
ck_b53084ffede19a8e,0.006518370893080511
ck_4760216154c8cac2,0.6384446776642602
ck_37ad3a65db673e70,0.003402294125087032
ck_0c2932cc0d553694,0.00801341998344763
ck_86b853c52f20fef5,0.00788466114115837
ck_38703b7546d35a80,0.01485440302405894
ck_218b7e6e6dbd2da0,0.005551122444923389
ck_402db4184982fdf5,0.00757149065678403
ck_f917c82af80e4a79,0.07748260369546539
ck_3c6417a233c68c73,0.03421693087222487
ck_98068c397d70dd3a,0.030668520493215938
ck_b1cbd6679c0f8d95,0.004901978390635949
ck_9e962f9bb0e7bac2,0.005672564988518222
ck_b08247c3ad567d92,0.16637787006977464
ck_3ef7a03ebb81cfe3,0.001170733206903079
ck_5d7ae0e3562e99bf,0.03429935005639164
ck_c91a628236baf91b,0.07439536474922684
ck_7f8e816ca51755e3,0.7607479776585627
ck_5aadd286d188f5c3,0.007358281666359569
ck_a037aff5f8128c73,0.008520029351192481
ck_5df6529ce8290906,0.023707434900060144
ck_5f3609511443e5a8,0.006045032919329359
ck_a6f61864fac3c8fb,0.007076915032857235
ck_2733fc6ba23ae46e,0.023659149716115442
ck_22bfb9246646eb41,0.8992544507469012
ck_bfc2a57d8fd1610c,0.6461463601875608
ck_49839e761d0e74e9,0.0055093388337663024
ck_aa4ba931dd37481d,0.008991310372770308
ck_2f9fa0d61829f815,0.007144711121499741
ck_5b82c774df10d49b,0.0018838872626945203
ck_411219470d0a195c,0.0227053967466082
ck_d07485ba10514a2d,0.43072038946792174
ck_219bef979ee21bdf,0.0009468061793876958
ck_eb1006e7285184a6,0.021119239602785927
ck_fd242b18575e3063,0.03222966993012629
ck_95188150ff059c70,0.056592173951570415
ck_a9ca2f447b984a6a,0.01731979446305076
ck_2dd39723c4088b64,0.02418176732752686
ck_aa2b4c662ff213b6,0.021805513576478995
ck_1867b1199c864db5,0.10748461089931875
ck_850ec97a5a0dab9a,0.01841786040547667
ck_562320295fa35875,0.0011960609306806015
ck_bab5759b07fe2bea,0.0010001823247381629
ck_b9f1465d803e57b2,0.0395586790385586
ck_8f21f2690c32c691,0.07260336776267874
ck_df87d6f61a63eb21,0.002881758264731124
ck_770475876d0e7e6a,0.008396493433918371
ck_b4c014d5c0cc9eb2,0.004601911764501777
ck_3add4d23124c9290,0.0022157894803347135
ck_bce5b7fecfb6264d,0.0776292675623592
ck_604c17cb97dc89be,0.06387310705228562
ck_e52cbcd9aafd26b2,0.01133246207293241
ck_0ac9114076f5bf3d,0.034802054493729244
ck_dcc125b178b79566,0.0010581423280954835
ck_4e333c09f0c37dee,0.01089521171731046
ck_ff7e31ff8ba731e5,0.004287848671704495
ck_8d0532d24f1070d1,0.005117544723344441
ck_3689fa41748a6f6b,0.15251535179896292
ck_7509eb97c1948b16,0.004193336560463145
ck_a9161cf1ca22a6bf,0.007291877907801642
ck_bed3e3db135b782e,0.03229175593755309
ck_9040edd974ef8e3f,0.8075692956664056
ck_fac32d76ed40f683,0.04155445222801839
ck_3d7b1078e2d57c69,0.0020131972109726204
ck_dae09c4e074af5dd,0.019377656644002702
ck_fd84507228467b40,0.08054796205596201
ck_e2a2ce9b8cf44c63,0.00855772626825107
ck_cbe716f351d660d4,0.006186763271764451
ck_cba4162ef29a6d27,0.02863930956244146
ck_4f1e962ff8a29732,0.00367920802874777
ck_39a81899dded61e4,0.008864222097237784
ck_25382331551d22a5,0.06513148145013593
ck_6d64e1c07b19856e,0.008640300070280457
ck_165a868bdef28ad3,0.08485329168211689
ck_88774ae52e30e877,0.03043886814997985
ck_fc7a9d0643570053,0.0015517147841636342
ck_c2017120b3b88a46,0.0032027752100264426
ck_d115ac6b9fd62a7e,0.02060208051392253
ck_439cf7d51ec7de0f,0.010821910222272968
ck_2468a7e9e68a0927,0.006939020050090032
ck_7c418947124dee8f,0.07481821300142416
ck_fb0cf32c4a56f740,0.01837565214343495
ck_694eb6c43193afd4,0.00700682465880206
ck_993beb188dd4abb6,0.011965325080320078
ck_77fa39d3b733c226,0.14276463887238505
ck_49969a9abc47cb69,0.012552699219199253
ck_d3f44bbe2f7e9b2d,0.039727870951154445
ck_fcf5b8216d0c18ef,0.00228068433661992
ck_daefe1e2d2bc362d,0.0046431822736463105
ck_9c9287cb28950eb6,0.02256686570599721
ck_c1d1a625b885a975,0.05070492664739525
ck_71b37fe47490b4ba,0.005878908254627982
ck_5d16e257c0635f7e,0.16441777403433724
ck_15918075563eb074,0.002725249126840317
ck_9a15fdefc47e8d11,0.004734501060693792
ck_6f04d047d1dde75e,0.001836996706033116
ck_1af2c0b3b8d202c1,0.014908829681833371
ck_174be2231c5fd2b6,0.0010102245068498452
ck_bb0713a2a1d65982,0.009221097865853144
ck_0daec63bd5b0729d,0.01210162281138448
ck_c0b5cc3e8ad2ff44,0.04787561112309048
ck_35bee1fc12664644,0.11194675411046032
ck_a1c7cf63467df4c2,0.0028543538833911866
ck_ecb1e15f0b185ceb,0.18541200144359166
ck_f280d31f54a4710a,0.016362171224999673
ck_30f4b2ee8abe1342,0.13573085558164147
ck_66bed631354de5b7,0.0019937067866221295
ck_c2d3ecd7278eba2c,0.0016015814399388555
ck_e901dec0e09eccbb,0.0059241750010897475
ck_5d038ecb3c8748a3,0.007862803842587045
ck_283c5bea94b21e80,0.005746185466999592
ck_7956c251b85f009e,0.7652621697575146
ck_9f5f81d771146aa1,0.001330468305510028
ck_9323e6fc1e168eda,0.6994955348017856
ck_10495d3a635b8d69,0.13769069334517398
ck_1982d571cd36eb0c,0.019651829178861307
ck_4f5d7985bcc2eda4,0.0025982549203455887
ck_7df526b2b4410bb4,0.017126410980670036
ck_dbb498b1a346a402,0.001867816122687453
ck_ef059997563e3330,0.007011656670279105
ck_02ec4e06709e6b82,0.0036636706575314693
ck_9782c86ba6485f88,0.0030531855161425496
ck_d69de468b44143ca,0.004618983710457142
ck_6430a8792f400e0a,0.005337193330644137
ck_8285bd3c90af94f6,0.01033737414609227
ck_985c9ca112000e9a,0.02934936585249186
ck_e679fbf4f4f4aa07,0.00631464121242171
ck_016e8c8eaf9d511b,0.07732556917580982
ck_bc996c523944644b,0.015285796758218742
ck_5b8315726f6204e0,0.01858314003219881
ck_78181f8e998e442f,0.002224200062033034
ck_71c68dfd011dbbbe,0.4829361672133549
ck_db32c95ce2b6f502,0.835942776189838
ck_755010362a9b1bc4,0.005724221585040558
ck_114141d85256c9ff,0.0031867524991030494
ck_9d1a5cf5a3b87e48,0.019337949177466354
ck_ab640420858ab5c4,0.09518678360538954
ck_97a8dac48dd62488,0.3285094217330794
ck_879cc3166fe1bada,0.001956186296237996
ck_b0ed11080076e381,0.0030925668090257944
ck_7334a9ec656263b2,0.005127946645886404
ck_6494f0ef13ce44d9,0.004207950482655551
ck_724e459b9ece38f4,0.02965547247573861
ck_7fd8b1470401695f,0.772317480326836
ck_292f81186358b0fa,0.005204914933306031
ck_fa7de64d37287615,0.09943281453043899
ck_d00e09e66ed6458b,0.09606084985445901
ck_b8d210e741be186e,0.005765958052091495
ck_3db59982cbae4410,0.0560542853915143
ck_69887d0a9aaca6df,0.0009798372998604612
ck_4feb21e2fb0b3977,0.006047072108247228
ck_08c6cc1e143475e3,0.008543899750961616
ck_fe6e168cdbb46b9a,0.049413417652128803
ck_07f1734be7fac56a,0.05306254602258415
ck_d66d59981307db93,0.09590672593823643
ck_f928dba0d587d7c1,0.0021047415116314276
ck_786448fe3004cbd0,0.001082636620203345
ck_29ea329fa40ace62,0.021503315258012627
ck_7ea52b6f27edcb73,0.033170150709090615
ck_18bc51bbf3ef198e,0.10346328068955303
ck_44950df09ff14ded,0.004511195380424046
ck_c1466b52c0a10b93,0.010627200913186734
ck_6cdac067cc4db5c5,0.04881926705955713
ck_53f55c6e8cf2d432,0.0034558957853022053
ck_95945f48453ca532,0.09511743379854966
ck_87cce4126e215153,0.006945585299224896
ck_1ecd5516c92caa4f,0.0013496406439435138
ck_819b482bca14c068,0.33953617464941604
ck_a61a879dd46fc9f2,0.020846272285184705
ck_af70aa32c009c3c9,0.014989356589699153
ck_f4fe78e249092ab1,0.05873163533874575
ck_12c46bc52bf45b36,0.0559126243913836
ck_f05f5e4b40afa52f,0.0785262892541189
ck_0f8cb09d3f4fc980,0.17126606272102102
ck_80a64a7f0275a71d,0.013889623860863792
ck_683af7b1540a0b22,0.0605634094607257
ck_51fe0b613c076cbe,0.001989926947388687
ck_da1a2450219dcf19,0.06755044079840761
ck_2a7eba01ceba6c2c,0.13602001416205728
ck_4e329e29dfa743ea,0.3208441714479676
ck_0274d881d6db82c8,0.004082143936880531
ck_0af5b7d128035b35,0.09616526670983132
ck_ae0a7be6b0a0ea68,0.02427064287239161
ck_de5bb7a4d091386d,0.33476063376919274
ck_2bb7c17168a9d17d,0.026614244811444497
ck_0ffdff7b2f5fdfe4,0.00870632160498066
ck_718a8390b3d42d7d,0.010798299759775953
ck_7c4f12d70f184533,0.0014348786871105786
ck_d3e2c26b8adff099,0.01229021426075172
ck_ac9d3d9754104cf0,0.004951232831951956
ck_3b1766a1d51f8f0e,0.24634353536510067
ck_a9bf75bea912027b,0.02794908349128594
ck_687eab3ffe1f8cfa,0.027976860368054905
ck_25dd0b02af5b2f37,0.05739375552314163
ck_1747fcc466f0ae38,0.0029828398890748586
ck_f6e9d14dfb6f3c28,0.046475424698197855
ck_c6a7bbd0adc4d5f3,0.048821771749850695
ck_46656a23f4456d22,0.7313657006668837
ck_7519260415c2998e,0.01718351051663113
ck_754f30ea19df857c,0.04833645992930817
ck_ba88a244d5f7380f,0.05190118487907861
ck_f268416945316815,0.016482967426813714
ck_21860dd2159dff28,0.00220940780056754
ck_7a86ef4e2beaec38,0.0007726265749722603
ck_0414507baeea936a,0.034626197560188796
ck_60796eb60fc3043e,0.008004308421529327
ck_1e0841ed17fe0562,0.016949298332398197
ck_0d641d32658d6e0f,0.0017158221089617525
ck_b36086ae6d87eec1,0.008459377467990605
ck_962e65ab33b5c311,0.8550085908205074
ck_b046a42684468e63,0.01907015024351238
ck_ab3426435b0017d6,0.030261679125595988
ck_fcfe06e44d09a344,0.024995176177632358
ck_0f6d916c92189516,0.012461413690962897
ck_d4c8f0d957c3965d,0.04999611876393965
ck_2ca83dbd728af019,0.00316164485625033
ck_2857a4ce9f72fbfa,0.0035702384575597786
ck_a60e6edc48e3d0ac,0.22480482139240568
ck_0cbd3b27063d4415,0.1442971952358563
ck_612089ec90c37219,0.010290158692054959
ck_ec4e597f17f473c6,0.004457354948960599
ck_1c93cc58f314bf71,0.020199114063930282
ck_2b359a979520276e,0.02474434721741436
ck_1496568ddc3b2d56,0.022585672429263615
ck_41d91dc9f5063566,0.04079332335798938
ck_4c5ff58afe3d7a67,0.0022593350592280937
ck_81709736281fa3eb,0.005191210729357638
ck_d89abbab3d4957aa,0.008056952479145552
ck_52453401f88935da,0.01326997574749061
ck_a477654d34783e06,0.0019060103841554577
ck_72dd0dbdf808cb00,0.047959238692375575
ck_c183dff3781746cb,0.12244035149050517
ck_c8b7f241810b45e5,0.003233261898449331
ck_f88028c3f306bc70,0.05138218014297142
ck_91d48d69e4f5d9c2,0.004279609521971188
ck_b74b9ba6d7c9aab7,0.19682825456361522
ck_03e904682dc73bba,0.016537395831104217
ck_fc6fed6ea96a004a,0.03091766012767344
ck_51efdd240e34c642,0.05109284486222822
ck_e78ab4ff52b5fd2d,0.005799578158657205
ck_4af7b97c24d89a45,0.04269267722099559
ck_295c0072eca7f7a2,0.007959959404838816
ck_8abd1a50a9227463,0.010059644351926912
ck_ecaa6f13304e3dc5,0.0013577107956495823
ck_de436e7b319be1fa,0.9950977235796614
ck_c802cf8f61466027,0.0038075608239057698
ck_3d83e0a3c1cfbf8b,0.01641555578255398
ck_28d2003c2d16e4b6,0.0016381192920769205
ck_8ddaf745bbb9cd62,0.0023087023498716435
ck_493b6256091014cd,0.07235677347771635
ck_a2245822cfea997d,0.006240712689763133
ck_f7305b3c64cf8a03,0.05888968331212833
ck_9937dad93a0ed3c1,0.005530880200357195
ck_d654449f9231ad76,0.007078598096235956
ck_850e2b59bc535490,0.036979180845666
ck_e55e5bdfc0242aef,0.042049105892146825
ck_d35c51e981b98c5c,0.006412681159322664
ck_27cdf9c5e6f0915b,0.020482742587540282
ck_d328db1e1052d820,0.013606896481493784
ck_0ea30eff5f361cba,0.018036167008181263
ck_9994323f97109f4b,0.9670206260340699
ck_09054e97bdf9624e,0.0065449509659427545
ck_723b4afc388113c8,0.005579026464273369
ck_588f6e6a6a6d93e8,0.014515090587555117
ck_e1d563fab4d6116a,0.005692328348536186
ck_53aca610e20598bc,0.017104836682670096
ck_c8131ddc7ed33448,0.014326327461803536
ck_899f88464305824a,0.017164054304471474
ck_1c17c65804f8889e,0.009343712086695533
ck_45a16ce12893cf9b,0.027600026321071825
ck_f9d481aa4f9b2808,0.8499111870445416
ck_1d5d74169cf892ef,0.04282128116580851
ck_aba32acb61c1aaca,0.0342767639159569
ck_ec4dd3675a8d28cc,0.008227620414448238
ck_5dcd443fe0bbdeac,0.00297133619488462
ck_3a47e3f54475e854,0.0027783695040738293
ck_a9aa5c344c315532,0.015044902476100179
ck_9652283c9f61fcec,0.003653203718462032
ck_752dd3d2487f78ea,0.01722801503188176
ck_a821980ac4db9943,0.6579530823848291
ck_93e0d6befb67f7a1,0.04909525372530092
ck_e7a3881c3e36bd51,0.10936757952975769
ck_12631b78f8a03df2,0.0017669163377575328
ck_57b8226610b48854,0.004455828036351886
ck_352657008983fd4b,0.0989536803398601
ck_0841a5c24fd3dd28,0.020414789196484272
ck_db9b9d5d30f74070,0.01264720827817414
ck_a9dded7f6294e44f,0.07633599001957057
ck_91a16336ce3217dc,0.023630889393394635
ck_371bd9388b287677,0.0016541488040152108
ck_f285e5e1912a7c62,0.0023432836224782177
ck_368b65fca69fc415,0.040217963410364384
ck_d27a73596b6500c2,0.018256682430030827
ck_2d963f9b2c4d11e1,0.03996622582876432
ck_7c500e219af39486,0.005441981518292603
ck_7d025dea5951cba7,0.006008982319412598
ck_32f632706608859e,0.004046750281547522
ck_53816231f3ffb48d,0.006724773419791598
ck_9dbe184e81c1ca8d,0.12083374268358872
ck_d74123617f22a21e,0.008489178718114599
ck_275386782b1606f8,0.004970702389217148
ck_0b0e79d33e50cba5,0.0034870181554190194
ck_ba93cb604f792915,0.06750507252318744
ck_a86cd653472eccbc,0.012141284964315907
ck_87771861e0447210,0.11137834369058232
ck_212380e0371d8a6d,0.020428119794033448
ck_ef0d702d7b0ed745,0.0018091302927124072
ck_2b8f33e22f939372,0.47270489405297533
ck_480347ad92037105,0.01807916251466341
ck_20124c3a16c53ce4,0.045902386863464706
ck_c9e1e3229baae708,0.023370843232946224
ck_b1befe967f7a5ebf,0.13095613170624784
ck_4672167d7c989bbf,0.05367980686792902
ck_f0c44ee5e3a42e3d,0.051010526406069887
ck_c416357d20238a4e,0.019465328711790755
ck_d0f470f8078c91df,0.027976860368054905
ck_3a70b4ee59084715,0.012669015921562058
ck_179ed66cdfc1ce27,0.005366552334270926
ck_387e5a7f163c7837,0.018478365959201295
ck_08fb463e69f647c8,0.9628430821558722
ck_732f725747393ec8,0.04599743741663682
ck_7cc5e0fa3ca5a713,0.0031754690813580273
ck_ad4a4daa826ac68b,0.2545518856685059
ck_472e0be7a3b533bb,0.025491397670519934
ck_7190177963eafdd9,0.012293218372083949
ck_647ac26c5900f082,0.010151007473620171
ck_272ae2179bbd8e58,0.005910479392650907
ck_09b0d8af304646bd,0.0014266437851512019
ck_ca0cc8ea9f344408,0.017247178608984445
ck_332ad134fb909869,0.0081640155747777
ck_fca2798914627dc8,0.17112083501147715
ck_4450b55f462ae134,0.004758154228850996
ck_d67d9dfb60b286b9,0.0030967210058844142
ck_a9d2bb4f2bde7052,0.006816759480718492
ck_929bcae878a3ecb3,0.5237976016231599
ck_59a9e000fa275e1f,0.01712013990091869
ck_57f17254e2688637,0.02099010276812128
ck_0508908697f60ce3,0.13856527004821156
ck_946afc2943298d26,0.007453806480588886
ck_7176d12b18f2cc0e,0.007003678643031538
ck_5c47b49c26cce286,0.061846554095662615
ck_b6a2bdb2d335e1d0,0.9874866519026997
ck_1d58f6caaa4d012c,0.01716735437784886
ck_71c917295020ccc7,0.0012564875816022008
ck_bc89644ae3688995,0.006784880314427904
ck_e7c212f16d6df272,0.04610831000980379
ck_c6d2e11a368184e6,0.001118793188202101
ck_eed7f1f7548df15b,0.0082009399180058
ck_75b69034000ca7bb,0.07147519583733367
ck_38da3bf629458682,0.004983669392211319
ck_90114c891239d821,0.00723693986931106
ck_8ee08f6777cc155b,0.02803530524237589
ck_bd86132499defcd0,0.014380900103766431
ck_b95fbf2b5640aa82,0.0180751127735432
ck_c530235393360e3b,0.015375445132271069
ck_be52a7ec43241ba4,0.045845373405931644
ck_d96eb3cc55f2772f,0.00931313473230204
ck_dd34f0a844fb115d,0.05128770305095411
ck_17cc7b411f448e66,0.02482751411260672
ck_856ea65fa27d06dd,0.05798050864407344
ck_056d5f0301c30902,0.3470594011305075
ck_e662b14b2bab23a2,0.06382125453904115
ck_209f574c8d92274e,0.006113907227063451
ck_62720b81617896cc,0.008092633577488977
ck_041614694b77e599,0.007140583047513823
ck_461e3f7b97db8d16,0.023130902179122403
ck_1b74b798eebeabdc,0.00394100353991033
ck_0ed2739384f1d644,0.0069605600308885835
ck_5a4d19f1b83feeb8,0.006950676741298339
ck_463937167965a1f8,0.022121785988179394
ck_9d7151dbdf100e0e,0.012867651457329925
ck_20a7d1ce6cc27312,0.0050804396098411255
ck_6031211ff118cf0f,0.0007384605450979206
ck_a6fc92aa91e99b77,0.9816765703453715
ck_0aaaa9d2f75a0518,0.016074833402646926
ck_ec26e327cc1848b2,0.00492613430775162
ck_0e6bebf8ae9b9b03,0.018346963046224286
ck_e107537a4cb738f4,0.0034554416065949055
ck_e8ea56e122a5a487,0.03864480821912134
ck_98149ed45d38c4d3,0.04873926296184952
ck_0e719b3a6906b8f1,0.0006975672658410893
ck_0c6e7bd357e4a348,0.0009663702116860101
ck_d3b2b250da61db19,0.8283697395097294
ck_8bb6b0a292754576,0.09675671409355842
ck_87d70f5fe48a6128,0.05378610899520328
ck_ea9edf9c107d429f,0.007897093587243787
ck_059806c52cebe4f1,0.15130847808636985
ck_a72d6df666e1c21c,0.030660070382549632
ck_1d2b80ab6c4944b9,0.006765166448441834
ck_60557f077abc42ca,0.3032237984937971
ck_e5f5cb7dd6ce4a37,0.028761568735092974
ck_4c4a939154446053,0.008725879827573436
ck_50ede3eb561a202c,0.03680311177534646
ck_6d03a542922b2ae8,0.00755799910181728
ck_d6fe761ed0db3270,0.019602241140102446
ck_7f0cd6ea3096f985,0.0047213682042484
ck_23edb6d938a3b87b,0.006229084138475588
ck_799aaf9f2b9ef621,0.013764706026356812
ck_f8f6a03613b6dda8,0.0030653457437478738
ck_7cffb189f4f514ec,0.9476135720068913
ck_c081e1967dcd811f,0.025304507236816674
ck_583d6ca78c97d91e,0.27230571339873655
ck_9332bbc7125219a7,0.004183055052371932
ck_956b5af6d7d86c65,0.5620616598526513
ck_2d634e3f24681c0f,0.049658512702440684
ck_7b35d218ed0c5a60,0.00532898455270563
ck_ca5b1057f8248f73,0.03039997144248019
ck_ec5ea81cf813597c,0.012874688833507002
ck_eaebaf4d28400fb8,0.022884665305072164
ck_ae2ab6be219219aa,0.005404657067564256
ck_d99a8b4c820eb46b,0.005074651849782957
ck_bcfb7ffb7cd428bd,0.020445544527575486
ck_3dd542c2d31be2c0,0.014011124340186707
ck_c7dd84401e29a7fc,0.0009909968211000563
ck_c4bcc7cefd40f8e2,0.003847669846756067
ck_c251898b5d51e3b0,0.05715506453944928
ck_36d37be780c1291c,0.004765306310946874
ck_99b4f266b61ae7ee,0.014988009760679186
ck_c37f03995f0f0169,0.0012412145468856859
ck_65a23ac8e44eb901,0.004475005682907947
ck_644b1c1149eea9e0,0.021540976168425558
ck_9cf44eb0237c2429,0.003076513148679939
ck_20541686a94fb71c,0.018961375555214224
ck_c18245be844680f3,0.008464895480465327
ck_56de216eda6b7fa6,0.0016708131193370359
ck_406c4442dee45cd1,0.003947727373259755
ck_df1585c7d72a96e0,0.002536455415785672
ck_b8e8dba20676d87b,0.025818804999370608
ck_0ee6965e68efc177,0.033698107152299164
ck_c2a5c54ad8d0d297,0.02164504147424756
ck_bf6fb7e6470e95cb,0.0017688491635697492
ck_27fa694569140345,0.002131191079301079
ck_e04166b0ce66393a,0.007491531634658164
ck_8742114f4f0cb22c,0.09658671230262077
ck_6eceeafd56b42576,0.10278328290730598
ck_34f9951b0eca1965,0.012153770186587958
ck_384ccecd342a24ad,0.003723296037957813
ck_49c98bebd1338879,0.003149742481575999
ck_6c26c12071c91ff6,0.0038405210653082306
ck_01e5986ebb9a78f1,0.027976860368054905
ck_121db7ba3be29ee8,0.023092635078462646
ck_039e6d5a330cea1a,0.04558973785614394
ck_ae8c9163cf957d7e,0.03702080673500128
ck_3f5e8f3f1df0c8c7,0.12878055377796158
ck_b1c51fdafcd80122,0.034779402674494454
ck_12e2b5ebfe8986b2,0.003403624695097079
ck_d55eb81a4d543c59,0.008258797576786436
ck_f85155ca5c312c7b,0.019588193149557113
ck_133d8a1ac7c0e301,0.966740504208083
ck_04212a9bb9b28696,0.9942206087734612
ck_4cc11c7d3ca61f73,0.0017760996092815316
ck_2df4854186ec515b,0.029791943897528053
ck_aa9b28e7fc43af79,0.8070252901074012
ck_47cad6c3def4c9e4,0.0029722063203074605
ck_fbff7b5da8111567,0.007043552451554891
ck_bd25ea782e375b22,0.02903999707492988
ck_7989376f8cf64a9d,0.024656640535686586
ck_675c0ca1ebb1051c,0.002601923275950877
ck_1436f6e11d4008f9,0.00856656712561277
ck_812cb3a4482cc618,0.013237258965684527
ck_6e606f73a1094afd,0.011006879584213442
ck_1b708e2a4a0584dd,0.021520367108251625
ck_a60d6b324bae0330,0.024951032925258555
ck_706a4f673a9fda3b,0.4082059501265456
ck_a75ece9a9044eed0,0.0029482448712332956
ck_9aa45c4e03c8c57a,0.06314016369010352
ck_9fe9bdce982b312c,0.04087548398916184
ck_c6fbdc5ba68a8466,0.02448032342239569
ck_ed0cc1b1c28f9511,0.023142220607486885
ck_a4e2607b4c8021e8,0.0010616099726175991
ck_e02f93f51cc8caf3,0.0040379683505376695
ck_7084ed3cf20781b7,0.05517303293228795
ck_cd4c63155570d6ea,0.0062433812454628645
ck_d1b9e5d32d2d789f,0.005823279181862922
ck_68f56f6560a7a933,0.0027932862665113363
ck_8bedacc6233c6269,0.020797829009403072
ck_ab7cb50407d6b13e,0.05951052616739189
ck_f17ed7e0fd687742,0.05174185964404375
ck_b0fe4b92fc70f72c,0.0031754679836722695
ck_84d62b8196da2452,0.02536716261442668
ck_9e298cae167f4693,0.005559257696694679
ck_405b20ef9ad0ba5f,0.11439045707691627
ck_813e02e1ababd177,0.01035784903193946
ck_f234ab47061ba7c0,0.002022163028196999
ck_22b587c18363899a,0.015093625714174533
ck_4e862c2f48c38aeb,0.004352085333251173
ck_b89cb90a420c9075,0.003141215093887231
ck_be2251640f27a3c9,0.15236403592519548
ck_46bec0bff167ed3f,0.015249675434549316
ck_c0032232c2868328,0.008538611047198733
ck_030cf09525dba4ba,0.001216897040167586
ck_6ecf56236789fc09,0.9645808641692539
ck_38d4ed52cbe6d123,0.040283293320949744
ck_2d923d957ffd4d53,0.010065611798301007
ck_3af1eb88728ed8c7,0.016028404942466695
ck_2f8120ca80a1592c,0.01030510143364216
ck_6cabb1a133f0b151,0.009159746692300482
ck_bb6cf7e7b707731d,0.8879268960306521
ck_c8307fecafa90140,0.029792868680393464
ck_75f968be67f46d24,0.02758562376840316
ck_df6fe4ec5a233213,0.005357374848795504
ck_b53e88c0e927d896,0.001433912822114354
ck_f0093064aa28f4d0,0.026602200986941327
ck_ec9976cabc63ff92,0.0021338917994357834
ck_30dac0a58c5590cb,0.06273253979522071
ck_348a525791ae6475,0.10886046799009441
ck_b898d912d1181ef9,0.034256998354320084
ck_f5b1200dc6f95760,0.011871895033047914
ck_54978a073e7a0b1a,0.004706635077396177
ck_55933936536a4071,0.004520929136721357
ck_d6ba7ffd2ae08863,0.012871593314666335
ck_404e2217fd87fdd2,0.003680040678406787
ck_dfaafdaefa5716b6,0.0911978214231026
ck_556c62e92d4e7e5b,0.14869431917581524
ck_7ce44f4e06d58111,0.31000175329251484
ck_465cb8ce232c7670,0.011030250233531328
ck_237508ca4fb37268,0.07092716812397554
ck_ba4a6b9aa63964ef,0.018941097978786316
ck_4802a0a7a1882c88,0.3280224643583349
ck_9478dfe4114c30f6,0.002210701752050299
ck_5138f6c575dec64c,0.008408760405702462
ck_aebb42afe430e2e9,0.003509297066124542
ck_004efa95555437e9,0.00947350576011759
ck_11af112667c98394,0.022941484916527644
ck_44e9a18a8645c9d3,0.006991242686488663
ck_2605fd571219e28d,0.0019303891718421135
ck_dfc933493561d84f,0.004657546959668509
ck_67674348e68d1f25,0.006435979560393121
ck_dd97429277a2fa00,0.09928457602623847
ck_d3eab7a06eb48348,0.02737158927745555
ck_0b9fcff9667ec05a,0.010799561272910468
ck_fc4bfd6e739bddea,0.0016626500247349286
ck_43292f70a03ddf2b,0.09931875927691376
ck_5ff6108056a3fef5,0.005633706999971404
ck_767e0be086b5f601,0.026127789475277
ck_b8465b1a5666155b,0.05938442811515229
ck_ab2e3fc56f5b3aae,0.128586138957124
ck_1833c81d693c1e07,0.8493055028807825
ck_0308e0602b856445,0.008885419516274296
ck_ccbdfe744acff8bb,0.01540319793692202
ck_b294aa27a0b586d7,0.0027705770551161627
ck_a3747201f377626d,0.925897670359411
ck_edde1d7d1db24725,0.03012607193065808
ck_ae3b47d6e1063704,0.013505466614162147
ck_3aabf5e0f4defb41,0.008277554996856415
ck_f034adb57391f3d7,0.023622139502954904
ck_533672fb40531607,0.2318527067349785
ck_2a244f1ae08ef83c,0.0456172717092631
ck_a35d81bcc54ece2f,0.01917306481703402
ck_78a61215675b38f0,0.007433532464064106
ck_e013d88ea7939616,0.015317664277890674
ck_e5018f9418e0102e,0.047581158177493886
ck_d4e024fcda401a31,0.004805596456565323
ck_f736cffbdb82db34,0.0011060217573095623
ck_1507f5aa50cdf3a0,0.018254147628568973
ck_18270fee7c8fcee8,0.006224885358189924
ck_95ffa1a805a1c9d1,0.0035407190104615395
ck_11132d245b94d045,0.007835728924298907
ck_7b93a622e40d8b14,0.02992288106430734
ck_3854c08d17704347,0.05032044059252985
ck_7717fcb100dc4b5f,0.022553516585147954
ck_ba54e0a1c328119b,0.8177446078433906
ck_a7afdac4ecbf2de4,0.3555419270188229
ck_ecfb771ed2352085,0.010290464081789383
ck_68be4fefc85a6b64,0.518457540771986
ck_dac7c50bd6d0148f,0.00815523278474625
ck_87cf36a03bd63c24,0.13668100132790137
ck_8adb40b168b59d7c,0.02320813242910066
ck_8d2f62930777416b,0.10322098198116453
ck_9958b58da9e3c21c,0.014469206755217887
ck_9440335375701f44,0.02049413465835556
ck_e2f88e202b6f700a,0.01152793904443245
ck_4c7c50684827a2cf,0.0034648048567536595
ck_8a6ea4a79b1c7a8e,0.008348461941427413
ck_186dbff4b24a3bbf,0.27164854796111165
ck_220fda3c11c59b6c,0.10336483613143709
ck_3acccc69f8b1fd14,0.09470290447849554
ck_9de191bf79afd676,0.015076289656921104
ck_6de6b1663f9457f4,0.0013713749154401875
ck_062754f8b79b86e5,0.0010730600429787619
ck_aa153a89a52f7eb5,0.029800840982062538
ck_34a6bd3be642f15c,0.03446606289467166
ck_9371c700d9830326,0.034588508865771035
ck_a99e0c258ad7576b,0.006503876211537439
ck_0a7ba51d626e932a,0.014948866344275467
ck_852c50bbba1ead13,0.07946864119998055
ck_43dc13b6b6d31297,0.06492158152568736
ck_7d81b59d615a6649,0.029502081329444055
ck_39a3f1da060e88bf,0.005690953333629914
ck_6fb2d142c09ed3ed,0.05934504056020653
ck_6e5752b87324b58c,0.024015923428816692
ck_9441d48a12e8a4bf,0.08344032674803581
ck_09e9c51eb538b255,0.00973930272282624
ck_8d0cd981ed3a183a,0.04580220604925211
ck_57c07c45269ca8c0,0.009029732216765592
ck_ccfc9ab888ba933d,0.010571164125652644
ck_9658a6ef471053f0,0.0030189696566480747
ck_dac3852758f4ea89,0.0010033496040791788
ck_b1ed2278f5f14d82,0.02191000355380507
ck_333544d173524f70,0.05857548635363273
ck_fd4582e3853ef23f,0.008516521607183315
ck_614d936cef98db04,0.003465147667944244
ck_6bc351a3d57aac54,0.015561363449273979
ck_af5842fa7202ff25,0.01778449808094238
ck_81307759252571be,0.00811105681075234
ck_b4d2f02d2cd45720,0.18036372861781663
ck_1bd753a4681946c8,0.9443773304741444
ck_46d8c029d46867b2,0.0026574260518343524
ck_b7da6640fa2f49cf,0.36066838707169324
ck_9ea3d5a5a91fef9f,0.12831348894102665
ck_7b922518f667f76a,0.0008936869171994131
ck_2a5b31594206eb30,0.6840410194600267
ck_d9506476ad3f9e08,0.012022487867622018
ck_c8791f7ebd4d93c7,0.022369430463988104
ck_b5a3e20fd210017d,0.007167108736336194
ck_8e54386f4fe22cad,0.007864180025345583
ck_75296704f5806f56,0.03212960145621068
ck_0fbbc7a6af300368,0.005936329802247145
ck_d19bf4dc0627113d,0.004104051704744149
ck_7951bd4eb99a0175,0.002879540660533867
ck_059e4fac6b7f704e,0.008412334298689128
ck_2ce8931af02a2ce3,0.016119896813225516
ck_9e665618a4860306,0.004858885840209978
ck_6fce5a893613fd2c,0.00028409832283003364
ck_9e3fbd04e3532f32,0.22874299428442577
ck_55f2ef0de3420e3e,0.030850974906954286
ck_8d87658a6f5d204c,0.823286314067748
ck_6d6ac1f5dd882aa5,0.0021417367513980414
ck_55d0c7012d7ef236,0.045739417671673104
ck_7738eb085e5753d6,0.018923207285224914
ck_0e6e05c3cc8c8242,0.009879326029534518
ck_8d27ff8383d48132,0.004516774446495153
ck_9afc3bb849f3a64d,0.01179396241112215
ck_27eb86a9898cdfe3,0.00825064684413649
ck_1d40e4fc541abe93,0.2706370546815345
ck_4fd9dc00e1913587,0.9743078206204695
ck_b26cdb2b7b165d2e,0.03977047140288432
ck_a79a27767a02e31f,0.023116965624279496
ck_f0c18cb9f951a71e,0.018135964853263287
ck_50460e0189de6274,0.84002366764189
ck_5e5280539257c986,0.0029816489986822063
ck_eeb854318b3a6f0a,0.007638430394033619
ck_943f66f28dd24750,0.001864492242743353
ck_984dd7452aee372d,0.03944724553400141
ck_ecaa6de0aca5e9a0,0.01654003381478133
ck_8f1cbc432e2774f8,0.02416387114896545
ck_d91d9f8445b9769a,0.26459253559551454
ck_73c18e03e3c7612e,0.0014369391598699538
ck_aded05ada490da20,0.007798853032789027
ck_f744e208183971f8,0.002998599596128822
ck_02d4cef6358ad3b7,0.004751722455987658
ck_08ff5bd467226a5f,0.00396432177467168
ck_f824b326d5089885,0.5298992602451588
ck_3420f2fd520890f3,0.030600186440904655
ck_1838cf8d00f5b1e1,0.010322798483095799
ck_a85182ad90b6f1e1,0.004732038554471029
ck_fecb39c82c43e76d,0.008340056071760516
ck_162513e73782929f,0.05071285914882572
ck_2c27b77c59d8f23b,0.08838116082303898
ck_4221e07b17388fd3,0.0736972720292384
ck_adfb8472d5c3d669,0.02165380118751
ck_0742fe64055d686f,0.0027222486687547114
ck_5060aefcc8b6f958,0.042053154346197066
ck_643f549b4ac78a26,0.19728397865561195
ck_dba767885bd6ad69,0.006011836813674101
ck_0dda35c0c64c7073,0.9536575271953055
ck_38ea56d43afa5660,0.020559537738385113
ck_d813e15ac91f487c,0.11057786203052707
ck_4c840e5585a7b167,0.22634079817726194
ck_cb8551453a7bb929,0.00416142095752365
ck_05a00b1dd5a03359,0.005493218829209244
ck_837cc7fd48453a01,0.03501385541638243
ck_49dd816b31fba6b6,0.558681674289769
ck_86a61d9a39768e87,0.02489074266648743
ck_cd0e76f0e7bb38cc,0.05370143319637163
ck_dbe58392635133ca,0.056368913691393796
ck_3caec7dd6f8d02c9,0.06668887242656696
ck_bfd9bfc5b6ab4a54,0.3062299131631305
ck_2103399bdb2898a6,0.012245220746175319
ck_329f7de7279e74c5,0.004308309285562789
ck_9bf0d28119fc42c8,0.008382245240035608
ck_f781539b1042dc83,0.009773984728724906
ck_9986c7d781ac6b4e,0.005866217435833719
ck_a627734880aca848,0.000623599301604012
ck_2106e509d77fdb4a,0.26570219562926833
ck_420d1a9c604293ce,0.0060331611570867295
ck_fce0610c527e2b56,0.02604682453503483
ck_073da541ec3f9d3d,0.014489719346785092
ck_aa5f3ab48c17fed8,0.11894816639243007
ck_0fc1086e1c9e04b6,0.027885339240702682
ck_5c33bb46c1a5945b,0.019923841336622786
ck_500948a8d4bd8e13,0.027062980019380546
ck_19becd44f2c3d2b5,0.0579597405653425
ck_7d0fe77dd5ddb656,0.01917322013408064
ck_f158d9e5f101bb35,0.02852190477134573
ck_cdd7c77823c2257f,0.08766275124763448
ck_6c7b41374f9b2e55,0.013129225514323325
ck_417090dbffb1a63c,0.019534904507501314
ck_dd0e17605f970319,0.013029768567280145
ck_3646515079e6be55,0.008873830352389464
ck_89c8b06aa8c84b2d,0.10401096975749616
ck_e4d6dedd97233c07,0.05569809312876736
ck_bc82fb1895fddde5,0.004962711955965892
ck_88a8b1d442ca3686,0.02336653448791325
ck_5791f8f76a629a4f,0.07826704929030852
ck_9cf5e88e97c8c7ea,0.02186215363192397
ck_58fd684aa5a6f289,0.0012045449343278292
ck_9800c21dfbd8e811,0.010510208384930515
ck_8ae64df60ab6ccda,0.029168210475969656
ck_e535fb0f0c00418d,0.07333056747197403
ck_48011996d54855ac,0.5507752527779182
ck_ac79c72a8fe3fdef,0.08391189140582316
ck_b8cc2df5192bc49b,0.028259532993972877
ck_e96a5e1f08f8a867,0.0033206209294383694
ck_84df6770549e43fa,0.009751136703955068
ck_e5f7b99ba6ec5767,0.05484175245455363
ck_8347455ab53ff620,0.010349172052234023
ck_a84f2cdf695a71d6,0.0036981498534514184
ck_90456160115f9ef4,0.0037350597062181146
ck_ebd178b3f3a9c50c,0.007981956806701553
ck_e1140be6157bacbe,0.0030978150308515603
ck_744ffc11d32b96bc,0.008048826843143992
ck_e12a9f7d027e3387,0.0018035648931341577
ck_cbe525da0b69f18a,0.013161423284511954
ck_aa59702537557ff1,0.0054179723816659316
ck_0348cc6908f7f3af,0.0006988712265311545
ck_120e995d50956bee,0.02748720852314233
ck_9fcde1ff46cbbea5,0.0006673783218964505
ck_54b0b070689c50d6,0.0018082802015126002
ck_966a167758fddfd4,0.05805413001424554
ck_d5194f2e92fd6427,0.007283011101769968
ck_2ee84f3fa27f2cb8,0.0034521270381007232
ck_57d0a7eb7eae2eaf,0.06631915236437909
ck_6a2c4edd82e10969,0.0013924552738631061
ck_96e4d38ef670eaff,0.01329177019563329
ck_52cc2fd5095b169d,0.01185505630941743
ck_4b088920f3a844c1,0.05423130840455921
ck_8f3ccbd20d59f1f4,0.003247900675718498
ck_e5e5dc431bed6f9d,0.006613000860343596
ck_e8b5bfa6838e28d1,0.014543147545536714
ck_4bfeb78b47b7c6a1,0.09047702268031119
ck_a705c61bd679496f,0.010797555127562
ck_731869a0c39cb2fe,0.05288699563461258
ck_259eb102342057ea,0.00924053770998143
ck_47a6005fabc33551,0.002837275869325079
ck_682262b455a9edd4,0.0013152803203586101
ck_e839d104854945f0,0.011339290119560764
ck_761989aa4c47d746,0.027683217659919882
ck_44211dc210139ed3,0.00603849068212396
ck_9915ceedf63a5289,0.12558829324778237
ck_da59ab47cb6284ad,0.0022267369708733565
ck_e5cdbfcca2456652,0.0026038551932890622
ck_13f2560c6a1ec62f,0.04974258361296972
ck_a0543e9b3abe1001,0.06494859394901435
ck_11c7a58e09e6547b,0.01918400725690175
ck_69587a134d43a4ad,0.13959040700779587
ck_28dc0de0ae291f37,0.014771624828710514
ck_298922703c5bbe05,0.07745798291205183
ck_fa5ba9ed9ed6a343,0.08225181079513677
ck_c08e64d424e56c05,0.09732062711329699
ck_598e036a28262aeb,0.05135003819732237
ck_3f7c870510083a51,0.01887980091805804
ck_364f8203a3e98d36,0.7497323913611834
ck_7333cedb61506ead,0.009614837997320208
ck_1d96d7fd65f208b2,0.04417853107690094
ck_63133a79f23e2627,0.07368576712518507
ck_901d820e0b72abae,0.00374311712101452
ck_5dd80b3c01457bd8,0.009567163556110838
ck_c0b8067c144ed6c1,0.030345390569897938
ck_cebb8aa8c8f62c60,0.0030549365133991095
ck_79749eca42ff1f5f,0.046474305218058516
ck_2cc1d9b587f6da31,0.11770706125986308
ck_ccc7916b56d42195,0.016687525839324688
ck_e43e53cc7b8b8e41,0.09025139375307288
ck_4ab74a6e7450416c,0.003613799693881869
ck_6e44024e9de301c6,0.003230981720453277
ck_dd78cb6ae2866cc6,0.015190317362555493
ck_c363d3b050baf3b8,0.03178294628647285
ck_2d46291975f0dd08,0.0015718928733753652
ck_76ebeb5aee42f041,0.05423130840455921
ck_8395f004cf4d4c08,0.004705421638168109
ck_de7259c3741db179,0.01298107690447084
ck_3938e92585df2b34,0.022664771327056746
ck_af69bfcf4f07d932,0.009911763802381705
ck_1723900ab9afe374,0.14423360548876707
ck_3d58628d1c853c8a,0.0062034691908022
ck_12a074db100481cf,0.09959982337393798
ck_8716cbf892c50e29,0.009713879929070302
ck_fbf7351958ad9615,0.006232167375671169
ck_a50370907e6b397c,0.08550364107222035
ck_937402a60df0821c,0.0023043204164237157
ck_8ce9c5807acbef48,0.005483028019655612
ck_acf7d65eaaa4c31c,0.0024873387550343627
ck_ec3eb6dd0967cac5,0.05270389446602877
ck_fc832b0c90c9bdb9,0.9179402761068305
ck_8129e81cde280131,0.004803629905507292
ck_52c0ef68aa2fb8cf,0.010656680923902716
ck_06f042e9b1b662fd,0.06948778193722172
ck_0bf35dcf7b38f650,0.0021913859936315747
ck_615763afc2e17a7f,0.0009338367212411559
ck_e72db9d4b2fc9997,0.9510981568899565
ck_13757bf0eeb353e2,0.002809662727385329
ck_abaf371ec8249c4a,0.16985706093485495
ck_9b7167da0920c37b,0.07491096144046458
ck_2e824b0b27494a17,0.03889129845151735
ck_9a0b605e9c3220c4,0.020072333849191503
ck_a5276af466b681de,0.0007596544287204508
ck_9e0383e1fb6e214d,0.05344239851667103
ck_6a27c44b691dbfac,0.001111864351870484
ck_af39767cf583905b,0.015381516989311422
ck_243b1b9fdd3f9a74,0.0018801346100224118
ck_c0422e638a9c6046,0.04443728136479616
ck_e0f3ea3373dfc4aa,0.00849027271659307
ck_d56ee1654378ffc7,0.02756951472435515
ck_20cd2f5666719baa,0.0014641036914420427
ck_4dfa1c1e9b69fcc8,0.012141290885411223
ck_5d22e9ca1d15180b,0.616288990224523
ck_f4a7ac178fd55f0e,0.0025456277842420797
ck_fd5609bd23a1eaf8,0.0076583910533259865
ck_49c3bf13dc9471ce,0.05120689696706948
ck_724085c3452d4693,0.23726931794267328
ck_e5d1462846154a75,0.06305573377889576
ck_c69ef0f3e7d6acf9,0.10174780372369803
ck_a2d0417791d4132d,0.011463463347621146
ck_00a07fc2a9183c3a,0.0039812760316412414
ck_781b8288e54ba8f8,0.31893719339475657
ck_d74a62ab3804a81b,0.002500541297473067
ck_abcbde211b6267f8,0.05982255362942421
ck_16dbafc035574654,0.0035676259115275566
ck_018f780215ecaf38,0.008314395974901806
ck_0b259620eac51618,0.0052142905489872375
ck_4f875342394c110f,0.07843180812145008
ck_399e45e5fe9beaee,0.00567633868687349
ck_36224a2d394ebfe4,0.06355528414756519
ck_c189b551bd111332,0.0018432164968152827
ck_125c5a720ecb177a,0.0386892121092262
ck_76d010aa02eb477a,0.0005014757362441555
ck_1071d14c46c92379,0.6231123899702238
ck_61d244b2cde483af,0.015337823876676634
ck_2ff1860da2004c84,0.004134297002566578
ck_c5b583490198672d,0.014027997968153698
ck_1294f7af22fade11,0.11692061292540233
ck_e3a22799716df39d,0.023391570619070736
ck_c77e22834ef97005,0.18806696754386754
ck_73d3689728270a2b,0.003107751260724838
ck_295565fbf77ef885,0.0031656568554596564
ck_80c0a7f54ff4895d,0.0021626225527599002
ck_f1ef5cf7f10b16c8,0.07179565204780403
ck_a958b2461ffc21a2,0.1688875184989752
ck_0e7899a57cd617d6,0.0034059826715438194
ck_9d4fed252718f58a,0.01202702868121886
ck_83c2c34add971d76,0.0017560448792985222
ck_9ccc030ba2de9fb2,0.031166836727487563
ck_cd691e3466fb3742,0.004231364712048252
ck_49df70f908dfd069,0.1629905891465017
ck_362ce13eec1e33a0,0.003170420544657119
ck_2452a30397dfc54c,0.014399946668841004
ck_a443d49c2b4863b0,0.006326386563985416
ck_c8b2e2cb349dd0ff,0.0076256421163153985
ck_354909fecf5da8cf,0.014687427374315916
ck_841f598bbd54c83f,0.025583668720502432
ck_cd6fbd4e8724f994,0.03227174187310008
ck_e0b3158111370118,0.012297084195456304
ck_4c2f2eb657c2c60e,0.00175611523193023
ck_ef346071f0b7654b,0.00987337119275358
ck_f3bc10e3decefce4,0.004363675914374468
ck_189b6fbe9b9192e7,0.019172657471756765
ck_5245cbc5ff4d4fa6,0.006806415239173989
ck_cb42e3be6fe87f60,0.005221205860153766
ck_966d4d713cbc7792,0.0022449279262988626
ck_1c8c969667cbaab2,0.6917291439242933
ck_d35e3aa9ef5d405e,0.28314933296693545
ck_a1c39df50a5873b3,0.04895050938359793
ck_a152165caf295b51,0.019598542877415276
ck_891eaedae139828e,0.008022060576415016
ck_1a46b56f4734d52e,0.004961047074348472
ck_5e36042cfad96c99,0.1438117655104849
ck_02a8582c2603e675,0.009268547275251402
ck_6def9d0429e4ed4b,0.020801512159581224
ck_e137400825a1e3e6,0.014110079740026336
ck_d91ab840848a54fc,0.0022738935508657527
ck_becb6e1c608e0078,0.007984086140278904
ck_6fd8c86ac719d7eb,0.16510999902586768
ck_3ed4d13f12fd9d0e,0.09534746501571596
ck_007337aa99a4891e,0.0013443420196192816
ck_60c3d8306527a08d,0.001696115172728149
ck_95458880a54df0b1,0.14503475238200733
ck_b48cd8593533fc1d,0.9149591441069261
ck_021c6a4a7e3f1f0e,0.001516636225551125
ck_764d40f865e710af,0.0063222643512202545
ck_4b84357ae8ec7777,0.0051730698816950535
ck_3397c7856b4669a5,0.0010060729921788543
ck_920bb003b42e6310,0.0032937050838138648
ck_8f59f11b512d5b7c,0.032761309732066174
ck_a3acf4b986afa98b,0.040521682133392474
ck_e89d25ed7bdeeaea,0.005249507958027166
ck_70e6bca473bf6902,0.001669975979959842
ck_186161ce152836f5,0.00706104658193024
ck_9191579254663f5d,0.0032509737716940727
ck_1e6628879e9d653c,0.010047449480136104
ck_b498fa91a0776ff6,0.02093128035748792
ck_cfc2384f22954830,0.11289726033795641
ck_17673a1c2867888a,0.0016971081924727746
ck_523dce06515b072d,0.008448171194045223
ck_c20638a325ead2e4,0.0011969555438604619
ck_d3877e1f907cc148,0.03539921775867969
ck_e9a2495dea8675e2,0.02124012052995729
ck_7e561caa5fa1f3f1,0.06823623681352796
ck_455672e652fe1abc,0.9186597531060339
ck_7f8f864fcc90ca82,0.019059796991119437
ck_1ad36046aaeb816c,0.003248447499031996
ck_de056e37c82e8e00,0.027095582162086396
ck_7484c214c889fe7f,0.03809607350604777
ck_32430e678c4f9f53,0.007793593488105589
ck_6276ece8f80ea799,0.010026148328469419
ck_ae8e5dc4b725bc25,0.11959268657442491
ck_f01be92dc78a2dc7,0.016735509756369768
ck_233397a8bd40d38d,0.005756298696291193
ck_f8124911450fdf31,0.7448991552780597
ck_aa0a3179f1111674,0.002978437575832556
ck_2366b29ed9887a5e,0.002885036156228948
ck_1f22f04dfc08cf27,0.004964717403999991
ck_b62276c3426d680c,0.013223247230308493
ck_d099fca88691f66f,0.060097165756046136
ck_166bd1dcbaf4d6fa,0.0014361840258451317
ck_7b1660e942436e12,0.01584318955328606
ck_4a9a791a1d409a3d,0.06655948365940981
ck_b003e5b54df65db4,0.033378367693738066
ck_64b4dcbf436f0b75,0.007148614212364376
ck_26e9a7bb2061a58e,0.046932342408155525
ck_08b77ad5f8f73007,0.0047625080387240695
ck_366616a725afc6bd,0.020226818903970926
ck_934fb5064b6eefe2,0.002101755391565553
ck_c6abd5d57b1009d2,0.00518547870300291
ck_edcfa9e1cf29d813,0.02576995651715663
ck_c30201ebd003fdc7,0.02102418825096763
ck_c54643d94d3ce355,0.05170640139884218
ck_02adda6e91e49650,0.012940981304302249
ck_5b73d7c5255e58a3,0.267308618207696
ck_129ffae92dc01408,0.0032421335855215548
ck_fa321945ebedb916,0.05552988314651778
ck_8da980cb2e1e2bfb,0.05705064160886117
ck_0576b00d728bdf19,0.05629051598111138
ck_c543d82e22b3c8a5,0.001796909138345887
ck_0027ba644f9ae2cd,0.16880413953503018
ck_8dbf61df902a6bbc,0.0029655560326718785
ck_90eeca1cda79fd41,0.002657818387746399
ck_86d7127391d4e01f,0.001817979464530765
ck_73762038c7ff2f6f,0.0030544752542316636
ck_a1484e6215fac651,0.19616126034574063
ck_cb83b9f806e90dc6,0.2098054421322927
ck_8c6f059c95872126,0.004366771546979273
ck_3174419a81e7caf2,0.00907130373682925
ck_6a0f8f8fa4a3c2bc,0.012438034760080395
ck_b5777605668bfca1,0.003730335538349709
ck_27e4de495abb4d15,0.0018730949696153494
ck_7f6fa79c7a107161,0.021367828852132106
ck_c36ed9f8e6792ea4,0.013526102019160774
ck_67a1aa88d2ea554a,0.03735353255349928
ck_09748dfe4df3d540,0.0033595491187040816
ck_27fd85b1e38b675a,0.0020687082405139562
ck_2369689bd795ee10,0.004192565966948718
ck_4eb1c12f7d092bac,0.0009603460284734968
ck_01fbafc42c8e33f5,0.014232021802054915
ck_93c4e05699b3b7d0,0.012134249884465475
ck_afc484d1b6907983,0.0029682502685365675
ck_1b2d9cae92a1aab1,0.08016367093688022
ck_73b729cb161487f2,0.011340274562111168
ck_fe3c1d0ac090d960,0.02868311065456354
ck_408efac1d3885ff8,0.07116374506702633
ck_ccb4dd9d0a48a76e,0.01090732568433641
ck_2987eab34ca7805d,0.019874844465013853
ck_1dbf1f15193197db,0.06050931360346279
ck_4ed711fe4053e74d,0.021480698055901366
ck_6c54adce174f45f4,0.0026762126994598163
ck_a6c740041faf0bd5,0.006436856342435909
ck_b05c4d33c4f43639,0.027875093872911334
ck_032880f1114dd51c,0.016903644418747518
ck_22311b037456a76e,0.003301083628346621
ck_5866b413549765bf,0.0031242873196274355
ck_0e808afe2570ecac,0.010444685689701694
ck_634276b05f4381f8,0.00787446884867238
ck_5d8773badd0d4740,0.013831798688685235
ck_82b5b79ce3517102,0.8933800882159838
ck_b378b8d8100ee4b1,0.016235433741656105
ck_54e581f71be5430d,0.00624682652072088
ck_798ba4b8aa544fea,0.0042492086968726785
ck_3fe86b6331ff95e3,0.09181891518648147
ck_81275d9d4c559e6f,0.005209363998737809
ck_99a4e5ef02d89493,0.026887175980787884
ck_54e2eb018d947790,0.036096467342992676
ck_966901ea9c77cc02,0.010123077705282528
ck_27d69ff4e0cb428c,0.16742280617688307
ck_2cee2dd7bbfc09a0,0.6827334350799923
ck_4136b00924695ab4,0.00048240803664637466
ck_59a164c40c03a45f,0.03301207287290698
ck_3e24b026bc66789b,0.0009050165779787588
ck_8105bcf69a75ee47,0.006592301105800167
ck_7a1782cefe26a456,0.02896705212899064
ck_970c7dc195161272,0.0019701276944398623
ck_a48ec0c00ae20e82,0.05453203439993172
ck_54b374ade34e1dc1,0.006289345626706245
ck_74e5dec189761d14,0.0028281491695418175
ck_4717f24f2c6f40e1,0.08335416859411465
ck_fc8cd8a8209e802d,0.012217940999027656
ck_71db4131d7efe218,0.0016752282903913307
ck_45424ea6f0bc4650,0.2278001385574763
ck_3716c6181a5035bc,0.06889798160853404
ck_26de14b96bdad4f6,0.004827537068835452
ck_99c0a41ac9c73857,0.005653160001620958
ck_645f15bbbcff3b4f,0.966998956662819
ck_b7e25ddd41514d4c,0.0028336989113269782
ck_d5c14e877ca7b755,0.011429472949635535
ck_05ea4440dac6cfad,0.022357766773518414
ck_c58bafff7b1955cc,0.02365811217003048
ck_f0cf85b67a9b840f,0.027976860368054905
ck_ce1500a7f0d03fba,0.010293086421602942
ck_d4972a775aadbbc8,0.007424086498170784
ck_3eb6146c262e0fc3,0.001930944114463903
ck_afb23858a4ef42ed,0.9612704603752186
ck_2c1def5c91c52a5b,0.16987083430408226
ck_72e550559487b919,0.0073028255241253505
ck_0284dc2b4f856b3a,0.26503296868018045
ck_03be334935e999a2,0.010456633308825661
ck_e35a4b4a3cb4cedf,0.03410779405836045
ck_5abe57dfff4b735c,0.0049949065393063465
ck_f5f87f772388efa0,0.03314259237552585
ck_5a22cb36d612236e,0.005422332835536163
ck_8ff1e6028e764472,0.9611012996915883
ck_2ab28149b0986642,0.014701940813083274
ck_c88fc1bac79fa6d3,0.11239009660312935
ck_5b137d74bba6b1b4,0.001772238358516829
ck_11f362dca2dfaf5a,0.017126880118800737
ck_7f960541e5174565,0.0027520615279365513
ck_d5458ba39ae94498,0.014457438718165827
ck_0a921a73a90c2e39,0.0397989255193044
ck_6ad56ef40086dbe4,0.003297355405619706
ck_b68199ecccf2350c,0.0018029580446260493
ck_6dac66c8198c07d8,0.022784497090872248
ck_9b9ce7bebc235fe8,0.0034999223800294688
ck_6b817117d87063a8,0.015971249184367764
ck_900d62b3184378c7,0.0016537258509051818
ck_eafe9b89857149b5,0.016967077572015737
ck_e74716a525ee5b24,0.002278357448223588
ck_4e9a6f06ab134102,0.020006262828854034
ck_b0d33b5a3716661d,0.005244760347408584
ck_8703543bf3134306,0.011795205514763677
ck_923d6a0f83accef1,0.01655541150652247
ck_52e37e2170532e2a,0.12696403263366893
ck_c1c5ea839c58958a,0.03005161517023978
ck_660f0006780e87e7,0.0034530822924257964
ck_830b2c5d1818ac07,0.0634538404056185
ck_b080ff636932d1f1,0.0008969592254331097
ck_38730aace405f2ae,0.980699245106863
ck_9790138467a06223,0.000533344727645202
ck_10de0b0d86b17839,0.0015890913331492065
ck_c3e37a4d3382c32e,0.002044414920860609
ck_dd8edfefa1eba531,0.0013853267212703484
ck_8153cdadd300d234,0.0008999453422021335
ck_74d0e7c2c6b63d36,0.9769225450361979
ck_c478aae3031bb328,0.01036950270207256
ck_cf301f2194975866,0.010123146270305954
ck_f4de03f44e3a5bd5,0.006504448846487187
ck_b06ce826e593b210,0.04625515927970648
ck_2fc70b6baf6a0e26,0.005164518039782616
ck_d208494cf5c90047,0.058703858275577114
ck_086d29ccae565e5d,0.0038545324994589698
ck_d5ef6dc116dee408,0.01011005716984842
ck_fdf0c5b722d83464,0.031477671958682764
ck_de8494b13adeffb5,0.009206720965588376
ck_556786868599143b,0.016941569326556938
ck_4940e78cbdcfecf3,0.051330466503546744
ck_d32fbbfe32c00416,0.04265119832490742
ck_bc7710f7e9fae649,0.0005963527254072023
ck_416f7ac57da081a3,0.01601311581251293
ck_6fb39b60c67d5475,0.0029285242661817343
ck_e40a156511345d6a,0.00351297179236359
ck_49ab879b5aa7fccd,0.12660471872009313
ck_bb643194d1cbc47c,0.9747440427909305
ck_b3ce8f1bcedfa043,0.02024736636020598
ck_558ebde8c29132a4,0.020988321231844975
ck_e6222925762273b8,0.06291351427708357
ck_bd80546b4807dd59,0.007296422371326413
ck_bd21164bd2bbb635,0.018115828111594377
ck_ea835557d7043667,0.007054065845230536
ck_1411a80a157ff39c,0.01616388031983781
ck_ab973888c20c9120,0.12412111480259923
ck_95b48972061abe82,0.002795331007603816
ck_fc4a43f8876bf10f,0.3722387942543846
ck_f34fb7ccf82f41e5,0.013676976282344867
ck_5af9934a56801ac0,0.005720353801888074
ck_fc7445ec76389a58,0.22442986429026895
ck_1eeacc26f02fbba4,0.07031821919041836
ck_4f325dd15c9bd45c,0.02799883936521285
ck_5009a6c8bbaf15ba,0.018902861938343042
ck_0f3de7f074bb33af,0.0069171276126161006
ck_2cbc2f93a32eede8,0.07298090862774907
ck_4bb90a61c21a303b,0.03057546490728224
ck_3ade9eac7d7b0dbf,0.2164144380862869
ck_4859a58629622915,0.03733454862301886
ck_5fed957287ebca03,0.0017019483891216474
ck_ec01ae5351500355,0.0035019743501961678
ck_703b41624ae6a5b6,0.004802628391545149
ck_97c38e7f61c27e47,0.01853788966161855
ck_db2c0908150cb2cc,0.04386742761395383
ck_64ac5e6fed86ab60,0.9499062290565641
ck_da1c853b0a061e83,0.06873943028629324
ck_9a36916b60178ded,0.8572157661151558
ck_3715bfa7fed2c675,0.00793413801074325
ck_dd3feb77d7d4f6d3,0.050296152677915734
ck_982ebb24174a4ade,0.0014694449961459024
ck_f6b7a10d47dd9a1f,0.008662530887563013
ck_1f56fe99f250cdf4,0.030636609362783552
ck_deb3ac0606d6f6db,0.015262070942859177
ck_e666629e5a41b39b,0.010852456240280802
ck_756d2c13d02b3e09,0.020374416152909715
ck_7bc752ae7cf5d55f,0.016055911226057748
ck_fc0cc4b25e6a8194,0.004564238706055398
ck_9b2b0e286de78a1b,0.007445057254593055
ck_24b0803447211bf3,0.0440846810314046
ck_82eed68d05a42128,0.08239644442771075
ck_c8a03c516ed5b05c,0.34222734756175355
ck_e914974cee1bccb1,0.017608893330384012
ck_0c533ff2d0f9962a,0.03167033669658145
ck_c12805fa5d970a83,0.06622983850985208
ck_fc2cb29918631f10,0.05336332902252804
ck_c20e89afe575549b,0.002874882253444846
ck_e1ff9e31becc27ae,0.022951486387304425
ck_18116d0ac08f1996,0.8207395078971625
ck_885a83975cea5e64,0.0032134718943787914
ck_a0c3059a959ba5d1,0.02500590753632346
ck_75257ca7d7da2861,0.009046469802875653
ck_2210f7a0d13bdbef,0.04517971149434124
ck_9cbd9ecf8374f65f,0.0025326740052762173
ck_18f67c00ba21fbde,0.005328024736840695
ck_2d28f14d3973d8fb,0.0022322436728592493
ck_8b3401b44aaae728,0.006272832854789055
ck_9d8e9ef37797d3af,0.5047511376421977
ck_9f50920c894f64e1,0.016623374031077883
ck_4737e0d56c6fa0a1,0.023478312204236258
ck_52c311f29ca3aca9,0.001041886381989112
ck_6a4981bc721df37a,0.0571554558791237
ck_823539d936c55fc6,0.0025735806539681737
ck_df5aedb4118020bf,0.8469783718378139
ck_a911a066ff0f7b56,0.04550003471998407
ck_684609767df4a14b,0.09393844754185927
ck_f2350bf355dc919e,0.020056580279873743
ck_8452b6cf97c65a5e,0.02928252379523645
ck_084cd84501012218,0.6626816506148037
ck_ace6b72e5bf3e93b,0.1307034295191424
ck_2afdd69094c955c5,0.10917130199142991
ck_fa7d5be26bf7b31c,0.2718700973079905
ck_4b041217690fca2f,0.03287800277360284
ck_9fb8e3d38cdf276d,0.8348042565478134
ck_c1ee56d65a42f59f,0.010197007693370726
ck_fdeaa1cd085691f0,0.04057911265916258
ck_5de33a7a87e9aa62,0.04022594558917873
ck_7476e7fe1ff45545,0.0570257051955236
ck_b0a947b498e47018,0.008883151716455004
ck_e3894ed88a7977e4,0.002822641424257723
ck_c7e07ebfb0bc15f6,0.03641961864505783
ck_3a3daa8b376f2a18,0.002793816199040052
ck_87809324c2675b0a,0.034827240704932656
ck_7eb4f33260f1dcd4,0.009337403469922045
ck_ab9f0e08af030060,0.05336790757239367
ck_5b8fc4a76f340797,0.022331430033206878
ck_0e7bf10ef49aa818,0.06281624546333409
ck_a44462a3853ac67e,0.9647561616449316
ck_2d14bcd2e0fc043d,0.003027752771492055
ck_df1f2dba802296be,0.8878146026608706
ck_466a7316eaf149b1,0.0995652041518571
ck_50df50af592b0c06,0.016707854642816652
ck_5f9e34c849704b95,0.004261564753581814
ck_7836bf6def26aa87,0.0028275997428558936
ck_ba175b1bd8efaabf,0.009923943370794839
ck_1a0aac7f7b94b1be,0.19847233051934057
ck_6768c4b2aa8ce586,0.009200026747793577
ck_eefcf0ed15897898,0.024790781148857095
ck_7a6cb27e390b6ceb,0.01550737159356051
ck_5275be4e1577c1c7,0.0020410409692118545
ck_6bc0e5b8c0b7d2bd,0.050008277522232455
ck_4874bdec79f9106c,0.037235856693970046
ck_a678731156ad7bd2,0.23157077037376364
ck_db906debc36a5d1e,0.029354032136082793
ck_e87897767c612942,0.04893571516377107
ck_45ed5ee496ef8a67,0.005663643063446566
ck_ae20e28f9854f3ee,0.026387514012922032
ck_9ee044b73943a90b,0.006776441890194147
ck_dab34cf6f0626c9b,0.03582829447228968
ck_64a02b7b96149810,0.0027624152588298
ck_c417d06f3e94685d,0.006518953705620464
ck_3e0149cdee4cb294,0.05575643675078563
ck_0e6046fc30f81705,0.012761834642010344
ck_c383aeabd53e9c89,0.02386619507929601
ck_2ef76f1f36e8b869,0.1282104599714814
ck_43948784650bb9ac,0.011087302929639591
ck_bdb966f43ac350ee,0.05247366131092813
ck_5bea0e0ee0b094cd,0.016963268267108166
ck_dff090f03ca5529e,0.007373875773801648
ck_a4691b57f837d88e,0.016886657535627538
ck_99ee90946395d74d,0.36876599309672753
ck_cc81dbc83a8879fd,0.0074706142253463375
ck_f3dc0725621b3a35,0.002073619035159514
ck_1bb212d1288b9689,0.06744779815996149
ck_9e7278fc7679f002,0.026987831921550777
ck_3ded7a8720d7e311,0.006289844127918475
ck_798157bcdb9453e1,0.00252205443957956
ck_9fba80f56f357fe1,0.006508206129123674
ck_f1e1c8491f16f912,0.0037347490183645025
ck_7b1319a5ca2f63c6,0.9225841959817893
ck_124432fd5c92af7e,0.8287325883607289
ck_148cb0c723284dc0,0.011633967203589042
ck_b56c62c950eda009,0.002693504447602045
ck_a0498755cd8d7188,0.0009233835223786907
ck_5379452a9d74efae,0.0019691796543056268
ck_6c2453229d608183,0.04530921847253799
ck_f9d8b4813a88c1e6,0.007819649558724471
ck_c2c7d1e45a521857,0.02870493940224246
ck_4364a83a11743888,0.004567825849127646
ck_2cdf5fd97ba75e06,0.05780246579107442
ck_71bc01291e0533a0,0.03164748161771068
ck_a725d7aed2a0bdc2,0.008219796086183975
ck_a9b0c4dbd7db6a91,0.03520465838310019
ck_a4258806a533efa9,0.02878750569539607
ck_905e460591d9a278,0.05559854668682716
ck_20de8abfd8960ee3,0.04860218038124759
ck_252b0a0f1119b220,0.004174693302407159
ck_95e4bef65c36af1a,0.0025364128777300194
ck_5ab68b434ad53fea,0.008863377134820438
ck_13677a1957078827,0.004622149027013903
ck_d251e9fa09e542dd,0.9889183921388253
ck_700cb620f300dd47,0.008877031467720302
ck_39a68c55a1bd3ace,0.11175256376478494
ck_61a59a7944d6c53e,0.20972559524100562
ck_db6d1c6d31da967a,0.009676822155605334
ck_650020c500b1b50d,0.006739131251149653
ck_d812eb6930192793,0.0030337811894986934
ck_92f6ebc11ebca89b,0.0617881787930796
ck_d87e26eb5bc84b01,0.0012973452122962163
ck_66439e697695224c,0.005241196539314514
ck_f21efd504faa654c,0.00820001875473417
ck_15eed0f5652f0352,0.003763540730264592
ck_bcdbf57d98dc0d27,0.026198880989134216
ck_873ceb8004d3a9f7,0.04883400677566469
ck_70bef9ddd4bab005,0.002692871153686925
ck_7560f1891d66f294,0.0023363958941592473
ck_f439f16f8693883f,0.015019569447397263
ck_14f9535e53f9c7a6,0.010314052067548523
ck_5984be472d2bc267,0.30547246142670553
ck_ed01be7504dc4187,0.07832384230713557
ck_dc3d8b5c17b67ae9,0.0007656355429344424
ck_9dc23031b6b494af,0.027976860368054905
ck_fbdac0221bc03f66,0.023002740370140103
ck_863708a99b92ef0d,0.02530775381399376
ck_22b52654776a1ea8,0.41285567882229646
ck_a0714f98001efa0c,0.01631174910624206
ck_9c56114f84e9a541,0.014208085110792605
ck_e155cf506b2fb699,0.009004664638559404
ck_65ed7e72f24731e7,0.004015952990066687
ck_822d6e8e43befc72,0.4139002525811672
ck_b1182471d9ac6b26,0.0016374867690461823
ck_821446adc95e6da5,0.008380326966557671
ck_ff182f033134dbb8,0.17066744638427406
ck_9c5feef7647b0588,0.011222384002103281
ck_df935d8bdd44883e,0.02363967585828543
ck_01eb24c18ad11fca,0.1069584049168963
ck_00d6730134a1eb51,0.009488023697510992
ck_79ba8e85678d0224,0.014366278993107193
ck_97e3b04a1350f6e4,0.03143294693961166
ck_74e9747954a46eaa,0.010691317587153476
ck_397d5fcc9972f909,0.045683338721100815
ck_9ede89e8a43c3f53,0.09871501933981978
ck_303b33910d67f306,0.00786700295654776
ck_3c17841636f6f7dc,0.009281814987962784
ck_78730527f8ba1438,0.4022330035302185
ck_5ee32bc6bb5d1d4c,0.21049910022854057
ck_a13fee8cd925d0dc,0.016917616659892682
ck_6f847263379f2e43,0.09310184392075668
ck_9b9d9e579e7b55b2,0.14442079268794328
ck_87c1d0a79e79c84b,0.010384480708180986
ck_bfc453eabb472f91,0.003059922959099612
ck_978c21bb5fe3171e,0.036916921132584365
ck_dd882323474431d4,0.01551537986604777
ck_533c4f7400d5ab22,0.17092169383653386
ck_5f217bfe28954e75,0.9781545293806171
ck_ae96d35465b3b4bd,0.004766490051357931
ck_512ebe97c0af94dd,0.02252632590231487
ck_f558fe02bb0219b8,0.003916385490261241
ck_84092e23d5ef4d51,0.0940463943714368
ck_17d3022ca12eacd7,0.009791535421300282
ck_8a8f81bf3558fd9c,0.004633284920014061
ck_0ada6fed1864e7c4,0.02658311048781397
ck_21fe7bc59dcd78fb,0.006606193088446154
ck_e136e20c1c74fe38,0.007832846544446444
ck_e7a530e09d113dd7,0.04276413159901447
ck_7cb0c9ded4d63027,0.036913112788779866
ck_102db9615e722c9e,0.08579418966275638
ck_129e39ddfde92eeb,0.0009866242481079996
ck_d730ff21bfd7769d,0.02086389409569221
ck_54459b45d2be8459,0.0006545225701139382
ck_7f1c20319eb60aa6,0.9885871273461868
ck_939fede90473e412,0.0026101845699149093
ck_e0f9506a6d5f4a1a,0.002639993696328504
ck_9a4967cdf49265cd,0.3050878853267816
ck_b9eaf03453ac7d5f,0.00289939708129551
ck_522477be6376b450,0.009126212527244989
ck_9b6282e3bad50710,0.037185638538247155
ck_a0e3a2facd508e49,0.062102629301052766
ck_97ffae702f7c3d08,0.0049826127935891015
ck_344a95cb7115ec67,0.0045485326936992344
ck_1f2760764afa45e8,0.008424079246549336
ck_720cd658d11ea428,0.021386832476691427
ck_04e32ee9834c088d,0.800531742954313
ck_2bb1389e5e72c8f4,0.07005063014871012
ck_961e7dbc217cfbbc,0.004554912799809673
ck_f3bce4eccfa6d6bb,0.003769925025528079
ck_e0ccfa0d689339be,0.0037327011425931657
ck_98217aeafa0bfefd,0.04550003471998407
ck_a02aeec1914c158a,0.018286565205114232
ck_20a17e8f206a14c8,0.07546679943104935
ck_114c32aad4b6183f,0.030316531499700622
ck_79f5198f0decef20,0.004594165160596409
ck_2209de229b4c71c5,0.022701387245197498
ck_6ee939b7f396975f,0.005278176328504293
ck_202f0c14b07ace01,0.1542009857658402
ck_fa24db9d416ab904,0.01185702393063672
ck_cf6aa24b92c4d33c,0.257053011959972
ck_45f57fb8194cefc8,0.008458051587020714
ck_d5eb179dc45394c6,0.03402101257229251
ck_efb24be983342f75,0.005374718302183804
ck_245f5d62ead5ef28,0.0121858487959082
ck_15fe2a47fa7e92ea,0.011208811880218907
ck_b6527a85fd682554,0.036936257307386776
ck_11f9390a11ce9ff5,0.04751953931263339
ck_ffb4d892c5158201,0.006382236290481127
ck_d4c1da5a1427fd6a,0.035679933669912775
ck_2c041b1efb1c5063,0.012413427472692858
ck_ecc18f40b33be769,0.12800862268980978
ck_0525349f3945375b,0.0768217557311007
ck_0bfe62e0c7eab9c9,0.030655374666293356
ck_b7c37d410b1646c2,0.03689276470871953
ck_4b15b0746318cf42,0.07890392974552593
ck_e5ee006ecd8ff661,0.04550085909773488
ck_ccc83cf66365357b,0.04940011578733623
ck_34a33ffe8339f66d,0.7602698382031494
ck_4e39e3b165edab58,0.7129588185101156
ck_1a71f8081ae00190,0.9010057122680127
ck_ed8f1200fc049c40,0.960004337293578
ck_8a5a57858e8c77f3,0.009713545697747393
ck_fff9fdc2adf5100b,0.8077989331468935
ck_c76f1bf40f3b787b,0.0013662929908489915
ck_1a6ddfeef82b1b1a,0.0023620484783843836
ck_478d2667aa9896d9,0.0048949466532269715
ck_641c8e7694b21f3b,0.07203448664979897
ck_293581d879f6663b,0.631819324340791
ck_1bfa8abdb22be8f0,0.006266279005657883
ck_05ab5b03d0bf9ce4,0.1775129619337388
ck_35694db37f0cde7a,0.0016553210459678775
ck_fe33eb743d714c03,0.010998178966690758
ck_abd10fbcbaf2b038,0.007856189827189186
ck_46d51648c1bf80e5,0.2728784248653756
ck_5c8390017fabfaef,0.017883154366759437
ck_87d55ca333f22072,0.002618400058656953
ck_c39c6a1453e2b92c,0.000936809547188771
ck_69ff1b0aa143a168,0.012054349139255205
ck_e57c79eaab35ded7,0.003984663428892718
ck_463ae759e2b6ad1d,0.008502943364692829
ck_0dae4a7eb587f3ba,0.007646134738101853
ck_9b12fb56529ebc4e,0.008326594752900011
ck_1af547077ba2dd03,0.2540087120410221
ck_de13de941bebc7cf,0.0042346226534517965
ck_83dde7da2bf647ac,0.0031243864029426986
ck_c80a94d4660041fe,0.02068194371165438
ck_f39cfeb277ef6528,0.00382697017922774
ck_1cec1ed1512a2d3d,0.004116636624519323
ck_7955a359b6448799,0.008049767644112124
ck_8c0955dad13c3ca1,0.0035043675732868143
ck_6d4cd2de601a2308,0.02690779840295461
ck_f4536ba8dd2d551d,0.021031817319486692
ck_b379c198d6db2d62,0.025941237180416035
ck_76ea90ebc74bcdc7,0.04934448281129661
ck_734f06bd4aa92781,0.04689860760339441
ck_677e1d0c14cbf569,0.006801886238261558
ck_259271c70f3fbcbe,0.018786283109176665
ck_c0b744eb9e7d4eb7,0.006402626281083079
ck_3d41faeb96802f68,0.0032603280912288516
ck_8f604fa70fc3c8e3,0.012533889553336685
ck_0b3c3bea0e0ed339,0.027264776973386244
ck_be5df076b8a86409,0.000940104277740638
ck_6a475fe324d7d790,0.02569484775272437
ck_3ba3fa5387bacee8,0.0007912491495083271
ck_324b9939d9c1c31e,0.0009698296841107725
ck_a7fcf7b592f68ca1,0.029872988751080215
ck_5b2728f7cca414ae,0.0006981961721283425
ck_5f4a25ffd0b85a47,0.017070052360796454
ck_63d4f5076fe4406e,0.00534711985835401
ck_af528d66c86f0cb8,0.012714823695806277
ck_ac7cdb9b8da7b5dd,0.02373305074141292
ck_3bece63711407e25,0.022457211724642
ck_d4e0b2a12fcfc35e,0.006071991170601982
ck_ee3e7c9d3a9c74b4,0.13830001072249462
ck_50d7c4dab837bf66,0.017767683401697675
ck_ebcb93a2990fc914,0.09104285726157389
ck_2329cc9702cdf7a0,0.03243449236873208
ck_db1fa53d588bf99e,0.006450237238427559
ck_44e57a0bad5a0745,0.022247627343364156
ck_472c81a144f4631b,0.0022959934428873857
ck_1658429acd5306ba,0.020311679358390008
ck_466103ec5bd9444b,0.00844443529621204
ck_9757163e25262b74,0.08944488453270415
ck_34ed59bc2c9b0186,0.004872236844942519
ck_b7bd3a7f263f4f29,0.057047980762312774
ck_149662b09d632e41,0.009122268552130044
ck_a9ffd6b3957bd41e,0.009220909738698291
ck_ab80466ef615e85c,0.0006735791102704068
ck_f2c824d3473db24c,0.015601534980934237
ck_a4a01fd45936b078,0.05083708182598312
ck_8f6ce158c2902877,0.0022614096118571112
ck_5189a302cfa7cefd,0.0008878452942284506
ck_430a3d03be588201,0.016171596196042665
ck_b5f9dd00914b4db4,0.005524575076871326
ck_52dec82e9cf6135a,0.009948515841041951
ck_95e444a01e2ab4a5,0.014486547213731023
ck_e37cee7b123692af,0.07485755454094639
ck_d68d42858a55adff,0.0554748094560123
ck_3abfc010091d679d,0.03191005597037595
ck_cee4e4e1b62bf82f,0.030039391057248538
ck_9ccb17c35e636c5e,0.02593837653048747
ck_f72a5a3b0d6c1177,0.0019411440128014432
ck_7508aa554fae6afb,0.16830082554069906
ck_003aa842b7ca1d77,0.6491734234520794
ck_83b2b192f41ee2bc,0.1467223236978823
ck_64796b6b2c3c7f06,0.017287245783871478
ck_6438ae81d43cb196,0.012187405014755275
ck_2bd73d9098504760,0.12887596439808993
ck_aa8b9b36a099e4c8,0.05269965934642398
ck_e5ece47d0dd10526,0.012038865142972874
ck_16077ac345472e6a,0.01804951643909492
ck_a4d6e152b0076964,0.006024915685954107
ck_d90b1d03ae151f62,0.01913142307223639
ck_18b36d342b530af4,0.04241488149891191
ck_2a01e610348b84f8,0.01808619965951512
ck_0a93ed76bf36c8b6,0.014528507762697613
ck_3d56b477fe2370b6,0.01795095071307327
ck_17ab3068fa303682,0.004656667323875543
ck_592a3520d841d11b,0.025050575812855594
ck_84d07028b5fca2f6,0.016231390555119275
ck_f4a2bb10afa85743,0.010043161638060181
ck_4fe4b072f03f2c1e,0.0035837508667229435
ck_9ad08fcc183ea1e7,0.0021279132858126365
ck_130d3848b9dcdb05,0.004393410695671193
ck_bb399ed6bf28c230,0.03066389519145154
ck_a31a64a39a2c4941,0.005958525454330935
ck_c49f25dfb39909cf,0.2124022864354636
ck_55f50a9ae2db8ff7,0.0015636943085124402
ck_09faa4e771cf876b,0.005803823407940624
ck_df520a7a6e405889,0.015855003476257727
ck_8c8c98cc694ac900,0.051806811096358145
ck_7f0c4f609673ef62,0.00931313473230204
ck_f51fe59cd445d2cb,0.014736108646235377
ck_b3fb83f0d772a831,0.012912563908904601
ck_d6e7e257751c299b,0.006372052686677178
ck_0d362ddb4a1cb6d4,0.02662160557970508
ck_a574a08edaf81781,0.003432642459332632
ck_a823f5bcb0e4b9df,0.0013981803778742965
ck_f792586ad0381eac,0.02074552726285863
ck_54bfd70022c66983,0.0056025384936636115
ck_fe0a9372c9372de9,0.004707464531430992
ck_5691cd6fdb6d8147,0.033788215950152814
ck_a95f212a02433d23,0.010510575757665761
ck_f5adad75e1c06731,0.055887643769978665
ck_e09c97520eb0533c,0.009399715506881323
ck_a1e13c0d58560340,0.0013010649512736202
ck_cacc2ca410cbe80b,0.0205907371334399
ck_c0dde2a6ef1e08c5,0.005668456055497649
ck_a04403073c90ce38,0.0010036300422138875
ck_03d3026107175dae,0.02902619881988935
ck_50176dae5b1b716d,0.0026786567368454013
ck_6c084bfcb38e96c3,0.03481679564447078
ck_36d2be9012f7909e,0.013745446791711703
ck_958acf84c6137a22,0.013668547963570971
ck_114722e12db90a73,0.001974239335661616
ck_203c2a22c0c165ac,0.010798449259595706
ck_2c44ca550e5cfa82,0.051221357508506205
ck_df0a8f20ab8f14f4,0.07372915459049251
ck_826a27ff7555192e,0.009467398398562294
ck_09a988ebcf062297,0.05391437859107258
ck_5c82444b3b9160ae,0.018087931729338137
ck_f6a4a7ed27fe76fc,0.061602624111234044
ck_17de46314b5c6a92,0.008119169307571712
ck_335e63101b1e6c4c,0.1415114525910982
ck_c5eefc0697451de9,0.08120013068115313
ck_49a0efb5d4067b6f,0.24823811763520862
ck_c1f4509c8f5dac5c,0.01052481816258894
ck_57658eda1c59bc52,0.0029982782269132903
ck_0d5c0736ec76385a,0.0012164220416335943
ck_e0239e6ae30795a7,0.0045728052394154225
ck_e4459115cd8e5e4f,0.024589330056071623
ck_bb4aec09d4968dda,0.22068102014546098
ck_a1b4c96faed3e0db,0.06279560747886985
ck_8247b79ac67aae7d,0.017141560974922032
ck_fe2fc7d6e5d83f09,0.009340575274919188
ck_f6aea576cde8d592,0.001527653678176993
ck_b7e7f7d0cd886412,0.14876879801805304
ck_ca7b993e8286af7f,0.0069023107503239835
ck_47de038381a9cd65,0.01984016330054203
ck_d38f941d09eec820,0.057423784670345306
ck_d9ba2a6c0d926b4d,0.005127629270385445
ck_cda72f597330d0f3,0.0017416872803376383
ck_16d2d27fadeeacf7,0.008115709564769933
ck_be05447853d423a9,0.0015296618173130973
ck_cd92852d7376a4a8,0.005455087647269207
ck_2faf7ecccc9fec58,0.0015367514832223751
ck_db8733fd92f20cd7,0.029316820969533686
ck_a9989a3a94c26634,0.01938713666447475
ck_957fb25437c75e41,0.1005436229354542
ck_e6a6caf6e7de17c2,0.004837005128797512
ck_f7bc569b37e8bdda,0.016339419491720544
ck_703b375dd86a6124,0.03954913078455718
ck_d3cfb3603f2c6ca3,0.04463301089836372
ck_07cb2b6f2a4303e1,0.05434532101903625
ck_31631e2028d4f855,0.010218460255572506
ck_1631bab0ba1256db,0.019432048057005907
ck_5fdafeaec036f016,0.02452693387503025
ck_6eda4c36aecad602,0.006615934090641973
ck_bd1bf9e3e29de281,0.11639138796370746
ck_bf378ea558a4125f,0.5883115996116558
ck_7aa2deeda0e57412,0.9845843662617529
ck_d229cf7f5a3f38ca,0.01928582724050665
ck_9e109edd124492a5,0.005671188305200386
ck_779491819995625d,0.030822975506436097
ck_b89c6fa2ad0a12f5,0.011838682374787341
ck_1d01b4a609918c4e,0.9050579527847954
ck_714c5d7cb17bc9f2,0.006636487012085357
ck_269f1746f2609ed4,0.002635976625492942
ck_4be03a2aa62b93c7,0.0009247811992167967
ck_cf920313f6dd28fa,0.008169649407570435
ck_fb00aae4e17740c5,0.009713991832525316
ck_085d8c42739e2b10,0.9924502490887452
ck_c72a7d0d03cf3e17,0.1757101864586976
ck_8f6ca5d3b17eac6e,0.0014293303823696348
ck_d9573100bbff4014,0.404815639287783
ck_79d6793d1d0cf43c,0.006492263132435324
ck_91fa5032f7aff0f1,0.06784870745107044
ck_87110d84872c0fed,0.011209037305490527
ck_8220da627e9992a5,0.0029314848359647486
ck_2ae44938847f3852,0.011141443084908224
ck_b0f191e44f9b6f35,0.09419435051452936
ck_3049d744b527f4d0,0.008024707242780468
ck_47d3e8d1dd3fbcef,0.009695907495553421
ck_ddf787359d2b5deb,0.002176564939984348
ck_b27a9e39726b26d9,0.0027903204118136446
ck_80c4e9274cf976b6,0.9513621335567262
ck_c6afa913168ce8fa,0.002317815101187855
ck_52427b3f8478db19,0.028688324927829606
ck_3b810f15ca0eaa55,0.007830052702324893
ck_0c9e420f97baaa06,0.8744462440454861
ck_f8540cf3a8b2f8c9,0.027976860368054905
ck_1402d24dd623df72,0.014339711267662649
ck_eb4f4267e24d042c,0.003294464855101027
ck_6f661b428d6fb8e4,0.0158218252979533
ck_519a26ecf3d29c90,0.0033412198908936023
ck_e886ba71d4a6fd73,0.08284558360500054
ck_437f9ecd2016a1a8,0.007614094192899874
ck_f01af1b0c977cc06,0.016423946343160103
ck_614f777c2eb5d537,0.0039027158467702353
ck_b804e784cde9af8b,0.027429979822688504
ck_c2dccbc1b24b137b,0.1276678689365979
ck_1df4a1781a0f6999,0.029599828688727514
ck_bd2cdd53fca26171,0.009407005308916529
ck_424c254249a109f0,0.04608054757516928
ck_cf2ca4f286e289ba,0.021114929705734274
ck_6c33cb15b0d8af54,0.009015814360566594
ck_311d395fa9b8550a,0.01930799915035298
ck_9f792e7e721ff7f1,0.001959722811085345
ck_4c37586080edb7fd,0.006051058607206861
ck_7c4f42c5397113b0,0.0041569509734717455
ck_fc418f53ce4aa579,0.9420383428518302
ck_1ba28fb7ef726ce2,0.009958324729611053
ck_d932f98bf6b83956,0.07973574489887428
ck_248b3659a9239240,0.006020458292172871
ck_6a92cf5f4cf5de38,0.0159338880827442
ck_65519d0fb137e0c5,0.01499937621174206
ck_ddc3fc99eaba2064,0.04996447950141892
ck_7310cda3bc65a73f,0.006180255291244573
ck_c01c85bd631d4054,0.004185165830517293
ck_b4954d16b9749829,0.02992288106430734
ck_f301f6758e170d66,0.038680349977096434
ck_9bf95f8c47e7c7b4,0.007214171721757036
ck_c91b7fccf6aeb4a5,0.06723833800024774
ck_785fa45e86bc5e95,0.008267857789220168
ck_2a65f1cc23f1180e,0.010767253224582527
ck_a49a2c1f881a3560,0.009447384119852376
ck_def344d68f06d749,0.006874380788191792
ck_abbd1465fc730d78,0.008358718350520234
ck_07a5610ed28162fb,0.01505916261898889
ck_7ecdee2d7127be8b,0.00420187201823777
ck_67858bc00e81490d,0.001243013793770681
ck_b4ad165ace910222,0.0059880772787231605
ck_30753ffe481a1b8c,0.5244757268523123
ck_c401a26725b17177,0.0012088922049496413
ck_819988d8a7f26415,0.0062206430249510496
ck_3364a1d9261b3638,0.0025876949062366623
ck_c484c5bda389bf20,0.001434612208596599
ck_ae416325fef92c9d,0.862637013544354
ck_5517b9a865960542,0.005078470921137628
ck_a0e96fed380440b2,0.021425197652152346
ck_e83409471d2b0b44,0.03622866288858879
ck_127273af97d7827d,0.003960637648940823
ck_aaa9861c91bd14dd,0.005278109950613574
ck_a378c58294001a36,0.9133440414473786
ck_abb9d65ff1f95b64,0.15049236925320758
ck_a5ecbefa849ae569,0.007463084304530975
ck_aa9953c0ca2bed7b,0.0009136462711768635
ck_40bc6de252865f32,0.0026264589470990857
ck_9fb11688dcfe1513,0.003445575823168013
ck_ba68841ca2ba073d,0.04838360491343847
ck_1d3e561a7d20be0a,0.9588265914626053
ck_99a92d710a29c1d0,0.022670889062447186
ck_ede2e887697ffac0,0.0015878680534746567
ck_e6de67c0d82a7b83,0.016495219034862493
ck_6b38763bf5ddbcef,0.04524042329640571
ck_8dd44eead7d765a5,0.02896046040011465
ck_30bf5b0056eea9e9,0.2335136063370351
ck_2981d16f8a51a8ed,0.09806957658506195
ck_fc60f42c68c7024f,0.07344243827175383
ck_8e2b2251ee224aa4,0.011504685648562675
ck_1906f0dfaf6e9bad,0.6365772587504517
ck_dcbe6814fc4ca0b4,0.061119158841008416
ck_f7e958a286ae3b57,0.015598668714932538
ck_713649668a7ca824,0.010246259439232257
ck_6f73cdbf9305e2ea,0.009090591256347301
ck_dd1c490050cd9051,0.017815120552972605
ck_e30db36e376606f7,0.09397243372854802
ck_740d8fe8028b5a2e,0.014195808912292433
ck_ebbc9418cd41f692,0.0021653075747983938
ck_7b3cc6cc3f250f39,0.04786583985907322
ck_1d30eef7110809e5,0.19087373384261494
ck_77e0589ab339ca66,0.006083942818608113
ck_15ccbf8ff7d14086,0.005972864268827613
ck_246989b0c288664f,0.04503833308870729
ck_fc2a6e27b10b10e9,0.0012988373911231724
ck_8afc1112c12f5402,0.010408646069986918
ck_a76e8d83b9141364,0.02997032884727715
ck_51d3e8dd7465c015,0.006525977353996764
ck_e7b4016909405981,0.0017779242252676064
ck_e7a3cfb9bf908e80,0.03582611769679559
ck_2bb49dc2388cdc1e,0.0050149199834617604
ck_94f4266ee7871345,0.014080034962780996
ck_b2c896beec146477,0.017859749493730637
ck_fcf5d4a4748cdd53,0.0028744727168643746
ck_fd0483639811f62e,0.13630861138081005
ck_9a21d183524734aa,0.11621640312623577
ck_1df4b46c0a4c317d,0.029078474155046413
ck_638df9e8a22dfe0b,0.02282227327702121
ck_65acc43a6dc3e65d,0.004904007473977353
ck_7c67b73196e3d0d9,0.014567149268693003
ck_b0ee3a98175b462d,0.005592923629293876
ck_20fad010969f1abf,0.0036575786223513596
ck_54b087bd873af8b8,0.0065982582358573875
ck_8007824431fa803b,0.0032021296604593293
ck_23aab322810b9fec,0.02654284942989706
ck_c8001bdb9aafc8a6,0.01714352865298051
ck_3a34c3ac83cf84b3,0.008780172428587488
ck_60187ac2c473a662,0.9542183529228779
ck_6a0ccd7357979f0f,0.10843671491668612
ck_27f20337bef5ffe0,0.0349126786664008
ck_f9fc468915afe49c,0.0440089002553691
ck_1eabc15a94bd9009,0.01276729125588524
ck_26896c494b2768ef,0.016584854334003467
ck_348c874eaf0354f4,0.06056334145579847
ck_be9c46acd216b45d,0.027921309947488912
ck_a3cce46d15cc20a2,0.06432608293364991
ck_70804f60d9704128,0.05636443758367565
ck_a019151ca8e7527a,0.02268829564706745
ck_571133b2aa8ead51,0.02001544313880799
ck_0afa4449f20d5196,0.00557512544786583
ck_4d503c41cf4e5034,0.02570080874340405
ck_d6fb9cc5171e3e9b,0.8203303271943067
ck_05ed92a7c3e10e5d,0.018937383418499844
ck_bfb067986660afe3,0.04922527105873254
ck_c1a31690c8573226,0.017849592023373557
ck_cb88ef3dc1f42225,0.002256364918683658
ck_21e3b3bd998745e5,0.10795483821337713
ck_cf52e46fa54e4540,0.0015801270239726682
ck_b72c7ac4208052ab,0.03461013548333769
ck_e6465c56b337e6c2,0.005870188669226337
ck_5f87eb05d18186c0,0.02272367939626668
ck_263f6c5ff26b5e98,0.007595466392149118
ck_e0b7e2c0bbe228d9,0.003866770960332264
ck_b657ae3c146cb7bd,0.00264387355682643
ck_abac514d8167ea58,0.012749911494988693
ck_024dcab126876002,0.006231390086374395
ck_5d8481e2b38bd99d,0.015865784593474416
ck_edf229c17d25dac1,0.15107719643928247
ck_6cb7c97b72d6b5d3,0.007306894806038786
ck_c96ae2c28086a059,0.039855623029518346
ck_2f241b97c0f8389e,0.010056971772751805
ck_9158bdbb63ee8987,0.007304745878379495
ck_e7b40b60786c1530,0.0016268189740231153
ck_66d38518f68e6194,0.0011075810450193598
ck_8c9b57ad2a991416,0.006921624836574521
ck_cc91bd7152d3e9ba,0.04375840484694081
ck_0d846660c7957a88,0.00736557710250176
ck_60896cdac2212bea,0.057719165919919255
ck_dc4db8b932df49de,0.19864833842750645
ck_2dc31db181150e20,0.013917475939955458
ck_2f138fce1171e277,0.01092264187232386
ck_68b8b859a6ef505b,0.02548120623991473
ck_c3fe0c6c5e1f40f6,0.006901526792038623
ck_15886fe84866de92,0.020956159946359028
ck_ea269b35406473e8,0.002403643277051551
ck_3ce7cad1f69b71d6,0.01060145666998723
ck_054ed4288ee58d6e,0.033639666630520704
ck_3d4913a86f207fee,0.03901904251037028
ck_23ff85f9d2355e8d,0.012226066769379795
ck_d87ab3261322216a,0.0021709869722043662
ck_fac046ce336fe39d,0.0032269144634496038
ck_beb97e498e6cf8e8,0.023247622191016795
ck_1f517e0ebf397b51,0.018541173415294186
ck_0af57ebaa45877a1,0.023395701357159474
ck_f99bc1732ce5e999,0.03738760539514803
ck_abb056a9deab275a,0.024906906493407356
ck_0bfc394c5faa65cb,0.030668068866810356
ck_ddc865af1dd5670e,0.01828998812925862
ck_68b5542459638b56,0.027162400482804737
ck_0b1d84252c0b46c2,0.0052380905085687
ck_520ec32c4f253604,0.02193901342069376
ck_79ffcfee599d77c7,0.021089355580593088
ck_eb224c0fd146253f,0.025934015365041294
ck_0e477084434da450,0.023526173372065383
ck_07840bba5570785b,0.034480952356349785
ck_6b67fe8e310ab865,0.00579030067248552
ck_e2a1068c2fa22525,0.0530088391431872
ck_b9c6b32f6bd92a3c,0.008101408940770848
ck_c1e7d1021ae58f00,0.0009028112074002399
ck_5d7801201749ffde,0.029800840982062538
ck_c8806749e263f70b,0.001666474737564479
ck_c9eeab826781dc91,0.028134751877304257
ck_309a432c160a17b3,0.005665772806724751
ck_b22e3337b8e3dbb2,0.018871607813021045
ck_79c30169c71b8033,0.9286371560881407
ck_5a6593d954085775,0.009433622709343534
ck_70b9b79ea1aacba8,0.020855633651209907
ck_63743141ffa11f45,0.004288191313020276
ck_dfd3dbd0d97a642b,0.004633428726701877
ck_635646a661f05b4a,0.014327028331167271
ck_4b123d6931b6d0d7,0.3866390626251725
ck_f2b0e7a47f442557,0.810990728271122
ck_1b1df006b81d38ba,0.015714693502482033
ck_360237c1bd30f4bd,0.0032970276019210778
ck_5e84bca0e362da20,0.015987476166236442
ck_142dba210ed2f3b5,0.15063252556808612
ck_a3564236069e3524,0.09080026388208266
ck_cf36d8b070ded782,0.014845681006897468
ck_ddd6625c5eddad70,0.0017530391786674427
ck_ad54292a0b2f44ef,0.010404970472272368
ck_45cd5ef6b359e9b4,0.004250820774882361
ck_982c2392238b7be3,0.22081887522734037
ck_083e4ac78685c3bb,0.027460343928418268
ck_729cc0b46cc2e546,0.1912247189816565
ck_f2b8995fe5402759,0.0032859270523131765
ck_73e24f5a8da289b3,0.04229355701211774
ck_bd85f30c36f5998d,0.05905341550284365
ck_ee4ff3aeadf912c1,0.0028540859025728616
ck_63d2978706e193d2,0.024040312001858025
ck_6a0684436a1e66c3,0.6445634455756953
ck_182dc4a2f5a366da,0.0026287561828226736
ck_e6fecb82fc2a82de,0.025050640923962926
ck_cfb06f07394dfe64,0.0017666843089741628
ck_7bbe1dc8add17ef0,0.020106102770780593
ck_5cacad76e02c8e3d,0.9677975855543013
ck_ca68dec0c7df5a12,0.006411439634696625
ck_e4c0fc52c82065d3,0.015060862659147184
ck_f9197b070416f443,0.005982340173844493
ck_2a07c7021b71cf65,0.04054024879295674
ck_4fa85cebf707de2c,0.0020156419082249296
ck_0063d2a9507467e5,0.0061834185269036505
ck_ec986285fff05b7d,0.0039315668907160825
ck_279d43303708109b,0.013999210958949748
ck_a406bf11e48cf8c5,0.06000372621126678
ck_064b2aa3f0bfdb6e,0.006993654257833818
ck_95790440bc4bd2d0,0.02186910617028484
ck_70066eea13b4c34f,0.0086386836367694
ck_19468fe07e26f992,0.938956850509272
ck_86bfe328e0a533b9,0.6243328832585661
ck_ace3b96c977a7560,0.1621597641164574
ck_642344e5c652d8df,0.02008539873569325
ck_074be35c951ae10a,0.01409988905148724
ck_f14dce41036486a3,0.959918193773325
ck_5cf67a3a747e684d,0.5873637522316444
ck_f7285b92648c1c81,0.002033329043680362
ck_bef3193f124fca5c,0.20586968448625845
ck_05c4dcbb45de1f8d,0.007313953841316687
ck_d7c28eaa05bb7144,0.00881660340531957
ck_320df984791a1b99,0.0015596838387693511
ck_f45bad1606fa00a7,0.006045374070012206
ck_6f81c199e986d9fc,0.005905303982826077
ck_d0c9633fed57c344,0.004329659761242165
ck_a3c25d6cc7478068,0.021246683157923392
ck_4185506d12cf9fa0,0.0008133491160441572
ck_7a02ee1bfba7353b,0.016482967426813714
ck_1b52590757c0fbeb,0.012740960215409007
ck_a0e5656e1cf9cbf5,0.0038085324498032098
ck_ace21f6daef94f6e,0.006256960593556149
ck_646d8d0834782d6a,0.18949614375676047
ck_1f136a4476b5e775,0.014260845939521127
ck_325c7643cce02da3,0.05429680937613612
ck_9b5e7fe28208f5d1,0.0017621414627092867
ck_05d81b1a150f31c5,0.0050232246400426055
ck_0e9ec486bff403c5,0.01949095327349692
ck_ee13c091bc379188,0.012859823989936762
ck_f7a7f8f5903617c5,0.03126806859058662
ck_96c3a3517153390e,0.014744202682025247
ck_538dad7f096458ad,0.005926977558268897
ck_8758fc6622bbb7df,0.050208973917804045
ck_f7e53af3c91fec64,0.025537753206428964
ck_80b50fad7f255e1d,0.010126299440514151
ck_9645e7adc08631b5,0.044071101632083456
ck_e007aedbf37d6ec7,0.012503352701748105
ck_2951d76c41de2569,0.1366074205629549
ck_9439bff87e616d4a,0.0050208256041220055
ck_a73045e96af0e4fe,0.02191560029225444
ck_7b382e533e2e925a,0.02992288106430734
ck_730226c2d216cacc,0.011343759904739003
ck_bdf837d761a7cec2,0.21122496611519007
ck_0b34197335ba3341,0.011706661499391181
ck_49170c4b31a20f5c,0.0047896236231603105
ck_cd553ba6589d8bfd,0.015106379672457723
ck_56b992c6f136fa5e,0.04611293009947952
ck_8beae3d7328fa41a,0.06310067091515813
ck_1a065ea906ae3d6a,0.012918670242972956
ck_e9e3381d5e0e5051,0.010141842160644876
ck_a6d4f998dadc90c2,0.8787610864243406
ck_d36733da917115a6,0.05027019625476826
ck_e738e920bbd74a7d,0.019248884904562585
ck_af65eb885a51048d,0.0012258172634827483
ck_73f4eb09af29b1c0,0.03084602720877042
ck_8fc641b1750a2542,0.04034590644390376
ck_41b954c7a948c060,0.006232727396055266
ck_25fc3010e8a0f6d7,0.006541777249111984
ck_a2624e0387974e0e,0.13134918483594873
ck_5cb9d7b2329d5ab6,0.02607794890740995
ck_6c83aa1d100a7cd8,0.06089914096131996
ck_67025c64588abd1e,0.004678802696414603
ck_f5dde68f6f0468e1,0.005556321160013313
ck_46bfb2cfc29a6d2e,0.007068614251034062
ck_49dddb894d33f6db,0.06584583873125147
ck_f738b633b8862d18,0.000715953481669126
ck_3d6c3c00d854f5a4,0.2577598712422081
ck_cdb8061d8d1a6c5f,0.007860309483363663
ck_5e1b81848718bdc3,0.02347043501021541
ck_8def763034187436,0.021995186874218805
ck_8f8e4fb9c6190272,0.007072982365365387
ck_368b968b5f33431e,0.0022145242797805957
ck_ba7e347251ea399b,0.019331519964931168
ck_9075432001a64e75,0.013055660470121295
ck_73c5371635aca173,0.8099685080908987
ck_81793387b38047cc,0.006077520181857813
ck_0cf220816e320ac5,0.0018753799421359543
ck_820219bb9c761b52,0.49191467863505683
ck_70a932ab39d86a24,0.0037055732251238425
ck_2c4be237a7ed79c7,0.003103378592006489
ck_acc764b49ef02826,0.34441071381396116
ck_74c3c3452e4e7cce,0.0017363135628314125
ck_34dfb57e5bf31d2f,0.02114706494998971
ck_6ec39903f765956d,0.024632912801868793
ck_5986119e7d81e831,0.04918289501960454
ck_2ddfc948b8eac752,0.18288529983244317
ck_921ff5ceaf40a968,0.062344853653324775
ck_fb3b68b4424b5f92,0.1381980170205057
ck_c3db1b3ad4f16679,0.0033551229700773473
ck_124a197be41687f5,0.04527797591581776
ck_c58d9151834f5bad,0.04627095232241647
ck_389607982eb6b701,0.3626962398344126
ck_fb0c138c003e933a,0.0008505298321762335
ck_50d0bb7edd8c69c0,0.10902604762974244
ck_c6cb651149dc9a8a,0.00629305768637168
ck_81e21354e477eceb,0.02878549810687312
ck_7696e38b3e4197b0,0.009400117026869628
ck_586001d3ed9e7fbc,0.0011533443912072944
ck_bba413492dc46f2a,0.014543768384303482
ck_95b894380ad2702a,0.03113474163346949
ck_277621473369614f,0.9948771172723226
ck_a50621b5eeca84b4,0.0008788652639342487
ck_bfa7ba218b988cde,0.015283697150897054
ck_5ea89567dfe78e4b,0.007265318091066879
ck_6c679602a6476ab2,0.009927632739286759
ck_d3885e286b3b11d2,0.046511299243859126
ck_cdcf6671b37c9c92,0.008955402702412633
ck_b5c93e6d34f8d366,0.002973108743853366
ck_c24f61925dc158d5,0.12289586755308303
ck_cd09375e6c81d2c4,0.009356912745259937
ck_a95afc7a00303a26,0.010982464543715422
ck_8e89ca8b39f3f8ad,0.0038941945573085297
ck_9a84b396aada3fa8,0.1386026138221249
ck_5124a2e415384945,0.08627809118245543
ck_d66bb1f063357f99,0.004230697007416835
ck_0fd9312411b0ac55,0.017308180779450785
ck_ad8cbe6e27e47ede,0.027976860368054905
ck_8398adeaf41f9cae,0.017697051702013047
ck_dcf851e7bb5855d0,0.0010723159177681678
ck_9affb0f26776b642,0.0019342851931360532
ck_f0424b3b36bdbef0,0.1324221179286825
ck_66746d1090d6d9e9,0.0010588402362841267
ck_e5f8c8a5824db594,0.018031860230369207
ck_3e91dcc209431984,0.06850900990005718
ck_126a82e8d42e5ce6,0.003266257818710384
ck_38e4a74ab256e2eb,0.0055699590224216125
ck_1225a97fc413a419,0.055641405976436124
ck_9b5ec0f78e160e65,0.00584340490874116
ck_7c5529bcc079600b,0.029200713083618587
ck_29640fc2fe81c251,0.009356012423104874
ck_160e9ba0a3f7c1fd,0.0026874339671535607
ck_bff090cb4ab76b9f,0.012666684533308794
ck_aa06ed358e43db69,0.12053525005736285
ck_7264486eb512d84a,0.005665751291229283
ck_f5a32e6160b28379,0.00665376131441433
ck_4ba8bec14c2217e1,0.02347245626654464
ck_610815786d729d2f,0.006647099161399537
ck_e267999226b6321b,0.0007712050916294695
ck_f3996a3c8eea1ea0,0.011451124054361488
ck_e9b75ed7567a3f23,0.01275557865700209
ck_d21612d48bb4f7b8,0.0058728408634102025
ck_1f871df76c6a995b,0.09776026859115415
ck_953bd5de48ccd70f,0.8776664045037682
ck_02a9104419a6dbaf,0.005244176944085806
ck_1eeeee651e05d535,0.07008745481607148
ck_e2ab04136a442a98,0.007754490930819987
ck_f0d806624ef3d359,0.014011621010581784
ck_4b68b38c1b3326a3,0.012699312042769036
ck_74e60495f8861156,0.028165084389169998
ck_398f3f4cf05c721b,0.00104048574691746
ck_f761b7650a0c1a85,0.010930791668653383
ck_7dadef33f5e2d94f,0.9863337799571963
ck_6ff6883633b8c7ba,0.0012534286197871045
ck_4d2159603045109e,0.009965869156539197
ck_a38bd07a5fac5c9a,0.00619947398221219
ck_f517f06551e69507,0.009965023664181541
ck_a7ea00a1760ad561,0.9905024474799206
ck_31fc51d5a3dfe16a,0.024251970527868268
ck_bac5233623b25ca4,0.014130203131076583
ck_385188ab27784fe3,0.06890740881528507
ck_9947a323bab5cacd,0.08726806147669168
ck_7973edc9f22ee7b6,0.01751611119809631
ck_f97c477986043755,0.002923938323264576
ck_1a3fd2cc4b4de196,0.004507368815488883
ck_e18ac29ea62cb435,0.044794838065513036
ck_9720a472a3e0140c,0.0011488387287901267
ck_668c7fc7d7e47c0e,0.041964196675970664
ck_214af0806470ef48,0.012317995586340157
ck_a46c1773f01f0be7,0.14881514996777165
ck_f2bdcfb4203ffdee,0.14496187047642264
ck_40e84e6ffe788a4c,0.02200085636868142
ck_dfc6f5712d8d6678,0.21288115743235145
ck_01ef1036b2e66a4b,0.029364798176457575
ck_3acfec10eec32f9c,0.013428465328212518
ck_084a85145c15ed77,0.005758517687253249
ck_fcdb4fe2f095fba1,0.02992288106430734
ck_023908db0a193076,0.09819007606439487
ck_fec0ff92fd622253,0.013846718445488258
ck_c009c97d5fafbced,0.25567833097504455
ck_eb9f0c06ee017ee5,0.008246618462830185
ck_d7792b429620fc24,0.011568254138447193
ck_5e9e149a3b69c726,0.03103218959275507
ck_ce927322ef8f651c,0.009585986561604195
ck_b8fd61a8e82bce32,0.8779246830364044
ck_9aafc33fba1474cb,0.00299241480961108
ck_ce81ff9b8b35562f,0.007831329977845735
ck_25bfca1d8eaa152d,0.009334548502791154
ck_170c65860e2a7e23,0.010098596265562745
ck_952da7ca9f33decb,0.009276332704831355
ck_1ebd574406235957,0.01189496213625817
ck_589109a188adc2c1,0.00357966509378196
ck_f0cbd5383bb07778,0.03408395776043935
ck_242521e261148fba,0.002881113678874962
ck_509cece86a558de4,0.013387449749123119
ck_0dd7c5925d28755c,0.027377257879755743
ck_a7e669cf1c3985aa,0.02793111971286849
ck_acb84dc2351eeb76,0.0020826876356797347
ck_b837c7dac2a9b931,0.025098412754497663
ck_18eb1f9181f95df4,0.0025149567341986143
ck_b0b9047dddb1ec84,0.6254580569115681
ck_43aa136bdb0a2832,0.366648650712869
ck_3e47f8c56c811700,0.009245745445123837
ck_77c587d24695ea15,0.020495407609307292
ck_20578ac693ea4e93,0.026484495873321696
ck_b9f6040eebd1605f,0.044451238035333004
ck_ca9d86f65cfdf018,0.00435957392177274
ck_a4fa8833995c716a,0.009491028603155557
ck_f589f1e29301b5fd,0.007090154470018345
ck_961ddb8ff55d868e,0.0016946149877594342
ck_5662492a54e6688b,0.03265823451522324
ck_ad48826c1c26eb78,0.2044218434721082
ck_621c9ddde6bf2eca,0.02363576129610659
ck_417a3500b2c717b3,0.044327511989388446
ck_c7e129058beb3ac1,0.01967926237273881
ck_ec1c902b9b9b9c5f,0.22025704807544788
ck_317360ec0a67d27e,0.10776018908199157
ck_3e3ea5d8c4a229dc,0.05493597975658791
ck_d11d27de7bf0b973,0.45448916720079224
ck_d37d56e931105db0,0.010468802047606246
ck_4863077723cd6ce1,0.0035867007970529817
ck_479a065d5903e9c3,0.003638412442456468
ck_e66ae4fd586fedea,0.005929215547294576
ck_192bbfd0d5720134,0.017147305818204218
ck_3b436cb29af99f3d,0.027642828705682517
ck_7c7ca54969eed187,0.036569472121819074
ck_826ee896c9f1144d,0.17979970984388216
ck_ba1f6dd43fc8a0b1,0.012270490246581162
ck_49685deb63e4e8f8,0.0055490659336900295
ck_687ab5d5554bfa79,0.04850872822102476
ck_41346ccd9242cc8f,0.001500199369558089
ck_8f8e5e2b9dfec3d1,0.0539005806347499
ck_94d5ce61a0c50465,0.015276399724098557
ck_6b954c75aad8c012,0.027416286424337015
ck_748af92828c9d288,0.001893148504852969
ck_dddd14091ce812c2,0.008576532777224833
ck_723323f6870fab59,0.0321504833288044
ck_dbdf8d0708cc6718,0.012592251939646795
ck_f04938570a154de3,0.003074106613585225
ck_58afa1550b3b5294,0.01002305731132789
ck_3b150afde386ecff,0.009649206831938338
ck_666b95e75d99ec4e,0.7486226244250364
ck_e00332597cf1eb24,0.03966357070924819
ck_9a9e3dac79280d7f,0.2396283096873263
ck_e8d37262e859d9a1,0.015337823876676634
ck_895bb39d24bc1c4c,0.0022432764022109015
ck_b367449195e36499,0.008442825730315006
ck_d23f9a50d1135ce1,0.11464602826132057
ck_670dc4910cf476c2,0.0031778064352823753
ck_3ecd8a5ce65e21ca,0.005086626016178807
ck_8584fea2df4c6317,0.027976860368054905
ck_0789ff4562202b20,0.02931515636969975
ck_749e0e50c3907be8,0.00420480726989854
ck_c3ff6790cc6d7e34,0.022921500478072985
ck_75fb7e56432ee4b2,0.0015702960922111132
ck_529fc3170fd11abd,0.04339462515811283
ck_34a69b3b4a681796,0.26812904391837333
ck_255f0e5888ae9e23,0.04058613245081759
ck_65be698386474170,0.002410958851349449
ck_5eec9ed855c26000,0.0028437933505343262
ck_5ab39bdc9610f6f3,0.4054419588875223
ck_1b5b75762f033462,0.010865843146783306
ck_d3e208671cf37f91,0.8984125564173153
ck_5068ee554ceff971,0.04965157912497022
ck_d7d50fb57fcb2d0e,0.0014826720460407422
ck_ba6e1115fceaa067,0.01765999737888808
ck_d07bfb16a4a7dac0,0.9328541893210224
ck_ead68310311690c8,0.7950849036807356
ck_ee53ce862bc9c111,0.018601403745244702
ck_97e56e6037024dff,0.005932347952941663
ck_80b04344c98ec072,0.06489402925174327
ck_5954f45a2ab45f43,0.07532323945368151
ck_18ddf7e836256e3b,0.010160780905336725
ck_89a1a780144d808b,0.013546515100433015
ck_a7331e8b808c39aa,0.18013401054442763
ck_a1fd0ad03ff9b776,0.026310758279910505
ck_c0cf50eef030b401,0.0015393182354649917
ck_074f20921189e7d6,0.006110896202220604
ck_e2aa7be60794593d,0.10903029590054576
ck_72771757dfb7f7a8,0.018702101043424197
ck_a9cd84a6dddfe584,0.013256917697168873
ck_142c00f9f8557504,0.022835400476415448
ck_221b5d40358230f4,0.03275420753012025
ck_a2d7a563f520b7ea,0.009182368770084414
ck_66cd34bc568d95e0,0.0287061115326088
ck_a17128972d3e507d,0.010922371450755489
ck_bda299466bb2136e,0.014436439865839975
ck_2b699066665abe8a,0.04035351472503334
ck_0ac9848bd4ba0c14,0.001848895728891709
ck_98d2f9a6ba3a3077,0.6445193755110871
ck_a872df31b28a5f7f,0.28906487099462647
ck_7e73e1d44ce82ed9,0.00926255490587218
ck_1a415416f620d49d,0.005365364479169451
ck_c95c786d2f8b8edc,0.0038558797857311854
ck_e45012f22b7f91d5,0.0026438011416410594
ck_aa0b083e2a6813eb,0.08259835005406369
ck_4666232ddbf77756,0.031095900651800554
ck_e08e9c8ec5f23d8b,0.03556265619442177
ck_31d4c0518e5f52c6,0.0030173264828879517
ck_c1ab40638f04cb02,0.006233761652855271
ck_4c1fdd1669c7cf51,0.00378770775802885
ck_11662cc7940ffc82,0.09084514342804413
ck_2e679af24adedac8,0.008608763440457898
ck_454b9e21b7f25a4c,0.003750811145551425
ck_355c4f29089731e8,0.6686215186249957
ck_507e40760a24d2d5,0.02364282048513973
ck_0943e0f305078e34,0.9781405113258657
ck_abc54ed7111e9ed1,0.0019980069959625105
ck_a60fe02fc04407a9,0.05940936327708765
ck_244b897bb4d57c1f,0.009942729450263654
ck_8c84fcde93a04334,0.1132382720088635
ck_9eea37d2de633b27,0.006996999988836573
ck_b2cb9e6610eca967,0.005866399013655563
ck_09aadb4c41b166f1,0.09948977187109301
ck_8d94fbb4828ef326,0.0021809863130859623
ck_089e3a07abbe3b8f,0.0034818117293490066
ck_dfee9de05e3971cf,0.007307810057379104
ck_6abf8302ce052451,0.0763978967405368
ck_6ffa90143838a4a2,0.0022382701019247457
ck_325caeab5c7a9c3a,0.0045230063955478735
ck_1964ee9db929a173,0.8459334704730949
ck_942b95988a6245a6,0.10689455990585328
ck_913ecdeeb8e21a9c,0.01337740201473112
ck_ecf9794349eb4b3b,0.08460249311435963
ck_b6cb8d6ae828eed1,0.06528541050240952
ck_2f82ea66c4f53b33,0.15676510687931816
ck_6e676daa4855b58f,0.12487514369848474
ck_2a37fef48b44e9c8,0.02035502114314463
ck_3bd12d468fdc2450,0.011088532342020717
ck_1a28b6a40a6bd3b4,0.09663794288541476
ck_61b79dec96d15713,0.0019447800158033227
ck_31d5e3daced93d3c,0.016120800382163448
ck_e6c8611c0cf233d7,0.0015296759014001998
ck_f04761b4a937ac3b,0.009678621350541676
ck_38c1c75cf055031b,0.02617184761058828
ck_59a561f3df01441a,0.03846685347799441
ck_04e40f556a5062ef,0.01964880889506124
ck_8409716d174635b6,0.005276006942505865
ck_3019afee83342701,0.03598195016982521
ck_b51a58e7f032c9a8,0.027957221570616874
ck_5043e474f848346d,0.023953025628839338
ck_4388abce33ecd01b,0.5532203771105791
ck_c93def7392f0aff5,0.06495207662120335
ck_72e7b1acc19df820,0.005586393517570277
ck_f253130dc3ca5b3c,0.0024968465331419096
ck_eb264d1b180d4b4c,0.017338619907700616
ck_c2504f5a113433ee,0.0016488581748046454
ck_c16ab1e4dafb4910,0.14176203681472654
ck_4bc42878fa180991,0.10020929918495007
ck_1c771a7c78f6622c,0.04591641692874397
ck_d523f0e50a2747ad,0.004366315051338044
ck_9060f4e7ab7a1b0c,0.014128666416018605
ck_6b55ec4e87a5e22c,0.10561866829200835
ck_55fc62a5f89a7251,0.026332369602979598
ck_bd2545c62f258231,0.07026306325775454
ck_1ccdc69d0bb712b4,0.05220948718953326
ck_710f867a3bd5898c,0.005849338715742222
ck_f91d48c40337d375,0.0026059807855427683
ck_f76d929541ed41dd,0.040183958722456115
ck_e26a6659c237b650,0.027947878065148906
ck_184983177b73dea5,0.011469224026674878
ck_6d0d081bfa8a0022,0.04294133276730054
ck_2f6e64f638da0f97,0.008037756355805932
ck_15b93103ccd38609,0.014954911073405923
ck_094d10439b7b4eac,0.006391107574909061
ck_d2ca47180a926ba2,0.021746587225563465
ck_a69ca7b9d70972bb,0.00553204476565361
ck_68914e67343a7d32,0.006953904988976271
ck_8176616132458c0f,0.0173582421525323
ck_eee99af3598311b8,0.0687570212056272
ck_94410eedfca91304,0.08383222051782764
ck_cfb11a0a2325bff5,0.0027953515869231617
ck_75217ee144b715f8,0.04969939113076935
ck_d56fc799542299b8,0.002252734742694301
ck_4c352dd3e7c81269,0.11806338120424227
ck_e23e50e02cb3904d,0.060613008214196316
ck_b921af37d500e139,0.021782865183768922
ck_82181b935360dcbc,0.9534127724538626
ck_22a7cf3b99c5e5fd,0.01724662530751263
ck_f67ee7910d532216,0.013557416946160472
ck_5f48762a14a0326f,0.0019652958337325658
ck_1757fcb0e6e3f88e,0.0461694924260922
ck_2c2f080ba185016e,0.07144048227329729
ck_4c25570eb72711b8,0.0026434573576685693
ck_a3be871ca22ac416,0.022827023343548587
ck_ab70961e7c6695b2,0.008401706397052485
ck_a1cdebfc42a52448,0.0039739243556283785
ck_f1b80b821a20186d,0.03208810962194912
ck_ae668e4564cd2aa1,0.012322925479217317
ck_0e2bc3a5afa439d8,0.020607058057300547
ck_3dc378f37d0b74b8,0.023373372735672516
ck_9f9555197480d1cd,0.009718159719407747
ck_bf4e7d48770a4a8b,0.08193691229539149
ck_614ef655f0685060,0.007727044786251866
ck_04d2ea38ee27770f,0.0024987669828673356
ck_e03a9d8ac94161d5,0.0052453893434683
ck_d4007b5b26d9d854,0.001991323604215638
ck_2dd147ce6d61749f,0.010809380230974554
ck_ff45764ea7d6619f,0.034467195690628796
ck_dbc487cb0a6c18da,0.8892756931481277
ck_791d5392bbd80447,0.002170704929658151
ck_b4068439c413b150,0.0353454582125358
ck_85df7b7de9700aba,0.0016694444440835115
ck_001e42551cd06e40,0.011402190627688012
ck_a6c02ae50932cd9d,0.003414004499968825
ck_9fd0be2c018ff5e4,0.010793584287329018
ck_32a495128395fde5,0.006098445678018344
ck_b6f2a2fd232c141b,0.00977427245729037
ck_28dde633692904b0,0.13109050236080536
ck_a1a93c5f375f6021,0.004211284991813838
ck_e3982142336782df,0.016770226271699554
ck_a9812ff3c111ea94,0.03556429810153341
ck_f04062216f95fa00,0.03300292877946042
ck_7c560467daca735f,0.0006093914278755201
ck_76ee10d6e2dba70f,0.05019109704845194
ck_3521243bdac61178,0.004901721553026485
ck_28588fb03b320520,0.0961592031088317
ck_580dcec33ec232b8,0.045969531463088735
ck_7109923fd7dab20a,0.012514781391483591
ck_7c872c99481c1e9e,0.02073416581200154
ck_46f4e1f5026f4d1b,0.0006666414092522887
ck_00d1ebc31ec4653c,0.0032974337486364334
ck_aac70764dde15168,0.04389185779241764
ck_648c03f9aa4e45f1,0.03055535165274598
ck_5478eb69ef912785,0.1489934604463118
ck_79b8523137bb2603,0.051597800660468755
ck_795c49f312640019,0.0007248497142822237
ck_89184bf7b7fe41cd,0.1443328397899338
ck_97d4bd922996fa10,0.007890691269555317
ck_1cef30d08f3a598d,0.0025236146922778904
ck_2f9fd36a4a40a6a8,0.002194204643305396
ck_40780fc0f8d6f309,0.015487487144113042
ck_9083ca9fec2a7f4c,0.013525561791427079
ck_62081bc35aa59931,0.01914682786630574
ck_2e1b46c5fc56b863,0.18261079937451022
ck_3d139692c51b604a,0.08535156438601668
ck_b5e54e22e3d6960a,0.013839128272670302
ck_c0c4be3f44311b04,0.0024673956767791144
ck_82a8bdd2692c2a5e,0.0009891745946325862
ck_bdd2da300b530c5a,0.007650317278849871
ck_ee40498cd97183d3,0.005723239586373978
ck_70b9274473bd6dfe,0.005409720823817861
ck_473d6314ea614b29,0.007039758817742847
ck_7443d6dca8cd1352,0.008675754358038032
ck_3b49768b448b071e,0.02726911031041502
ck_b43f04431c267dea,0.00373464191336624
ck_4424a5223ba2fe00,0.036110904683306605
ck_819bf3e8231f4081,0.015160771307425798
ck_91d417507a8c58cb,0.23315714166092671
ck_e88e86b19cada4aa,0.04420814597570716
ck_59684167f9c6bf4c,0.05170010335294567
ck_d5f5b0dc97b9dc27,0.009659179807004467
ck_13d1b192bbff8f32,0.01240775577441468
ck_b21d8630387cabce,0.002410451546399376
ck_e4ac22046699b99f,0.015032325732235194
ck_74b848064f2ff45d,0.0024436551497138124
ck_166aa980cc87fa77,0.09490523902216308
ck_98e337806104dd88,0.001464280436622723
ck_66eb09be007f0755,0.02516306837928894
ck_3ec9b9d8dd7be11c,0.012871056287960012
ck_8b8b9de339d75d0b,0.016873255658595893
ck_6715139e240007d9,0.0057101675731793975
ck_a0255ab46e122d2f,0.002333655981672079
ck_66e81a4190c33510,0.026984349575296402
ck_5d75ea4f5c9080bc,0.7480549224315745
ck_df69858b8a8b3165,0.009932748316588694
ck_e15252ebd7553422,0.005527439331994471
ck_34d6d74bb3ed11e5,0.0016252253123307508
ck_c2608f78f6851d10,0.09298141358002703
ck_bb99071e8f58c8a4,0.21449152292764276
ck_06010f0df5b7cef8,0.00871386825896751
ck_8c582eb0f6c0148c,0.03068027814539303
ck_0034d010d28aea78,0.024147433512472775
ck_01c1f06692566ca1,0.013578929621002838
ck_4807726e797fb893,0.046818831113181185
ck_edc9668282e3c8cb,0.014659803883831167
ck_5486768475af7bb5,0.8025795958725613
ck_3fb9813849e51837,0.026934176213078226
ck_861af5a9a9a6d619,0.005563931321135048
ck_da39653add0f1109,0.00038499029201609304
ck_74a4244eb1f162e4,0.0019421680425911827
ck_9a930faade55b8ea,0.0034857982709849003
ck_fb6e06ca88519dcd,0.005005063962780195
ck_9776cd8263a9f415,0.008772597846781043
ck_b3dd1198ac5aea73,0.020632496203203267
ck_b6675a04df1a4276,0.0012795482289916938
ck_5c7ad6e731b69333,0.21765655857281108
ck_28dc0fdbaec00580,0.1414541848875485
ck_8e7a32f7e3905f4e,0.012472754372690046
ck_8563fed6674afc77,0.02412169741251674
ck_9a2fcccb82da663e,0.031237313864657473
ck_6a519bdac0d94527,0.006236449139697678
ck_a0dab7aa9c4a39a9,0.005384000313739746
ck_a3ce05e9e5e32142,0.05737076968258658
ck_7a7e40ee3f97c035,0.042400762893905965
ck_9e9a830785112a73,0.06936607514558389
ck_ab1bb02f6b189304,0.5842166967800435
ck_7b8cb0f90fbdc8c6,0.017306131492776752
ck_b138fc249e659e60,0.009920322817718711
ck_e73caa3771ec5e0f,0.007901849271855402
ck_18a55b06ccccd88b,0.08392101174504636
ck_fdcb1d9265d8fec1,0.07034520355748032
ck_e21a900556b382ad,0.02345290540178473
ck_c6bf67470f526771,0.042777865934803073
ck_b568ba3837afb39a,0.0018588903484280496
ck_a2858979dd5645ef,0.0022704219277408073
ck_1da9d40837ebaa57,0.036299429237947434
ck_9341c7959543c542,0.0013474814104097574
ck_c8ad86806b9a2369,0.07527205014120496
ck_5c85d93ecfed4b0e,0.003531162048762645
ck_f07b09879d697b82,0.006869354690856759
ck_fe43da07608b1749,0.03117724313181188
ck_4bca22b5926b9c28,0.0027086222914232587
ck_aba573aa942b1d41,0.011337055233707018
ck_57c14e32fa4683bf,0.004283253218502205
ck_891530b489ce402b,0.00490875670328611
ck_5e74fdadb93ff293,0.07643621101936444
ck_14436a409ebcc90f,0.03452985477353067
ck_00013fdfa0bd37dd,0.013122587513782164
ck_7dbe24ba01316775,0.038999650221320355
ck_0e3f80c1553c591b,0.02386602807251792
ck_3edc45db58760d76,0.0031291508386821877
ck_29076a13f539187a,0.16596769825046181
ck_b1e81b58b9a545ce,0.13395740407718018
ck_3f8571d4f7420b2a,0.12796167630117652
ck_7dff6abe4bd644dd,0.5716808416795632
ck_2884bab237af16b7,0.02076749455427118
ck_231e6dd1fe708000,0.003600640863430905
ck_33ecaa7b892e73df,0.005673160102236067
ck_b109ec4c63503030,0.0040150353399165915
ck_a7f522382509cef1,0.006728446693171703
ck_748b3ea941d8b3b9,0.015715210705543863
ck_29f3a1737a2d9634,0.027976860368054905
ck_cee8d42475a0f020,0.002093373346562523
ck_c6b6ebe145a8ffab,0.004653981998871336
ck_21c99e1d6b881894,0.0019025238444744987
ck_5ad798286384484e,0.07701023271424669
ck_b621b6ffcc7f4848,0.002657518879277534
ck_ea819e337233475c,0.4370089852580389
ck_9e3896c2668ce06b,0.040866708101843424
ck_501dcf1ead036d2b,0.006050712787921256
ck_8d5eda29a2cffa3c,0.013738997130928706
ck_4d3aa36ff83f1132,0.3152952008078669
ck_8e9faf94e3e6c757,0.001123413347823129
ck_ce0ec41f96951048,0.009998868794110792
ck_f09165d73ee903b1,0.0073642989980209775
ck_a432b1bf1d3b3d5e,0.36965014688898545
ck_ea618f720ff0b4b0,0.0018021272617198818
ck_7584e7bd755cb28a,0.010948085834604873
ck_e14681aad43e1a72,0.03393161207683835
ck_5e18870d8e30e379,0.019311062625194466
ck_ff7c26a62bda8089,0.0007279709465141337
ck_cc5a35175d381d5a,0.005548101139906718
ck_3c25029e40aa8a84,0.006227228203903889
ck_771247b5bc16c12a,0.0057263228145470755
ck_664b5e02759f985a,0.005459971676399722
ck_692a9e8f504b9762,0.001540016372465499
ck_df8ad2deb0a4ffed,0.03016163820198741
ck_eb48c0bcd12ea654,0.019005298731858838
ck_7c77e597c951cdad,0.014503646837035434
ck_4f75144c6f3b13ad,0.02838039574126339
ck_1bcff399166d7c43,0.006382857234197074
ck_975c2aa3d4a8c51a,0.015833207695065386
ck_bc6f07b06aaa4ce3,0.20100482497386496
ck_80b072b7f3c7e8e5,0.008990930369733528
ck_471e4018a23b4e56,0.010286997705147877
ck_53cddfba570b4a3b,0.008100187319830676
ck_630530e50764f229,0.004703702244642249
ck_dcef7887a4f1e435,0.03250018566893567
ck_2795921a055643f6,0.003062952253352608
ck_7456df89f3792235,0.005343785174386964
ck_5014a3b07e1f049f,0.3622862178968973
ck_d4ec44760cbe03f4,0.017248231879744884
ck_96810ad39d4cb7b0,0.023570703373494005
ck_3222ea25aa29bfa6,0.0012388021786236716
ck_f6c42001b84a10cb,0.26328948814856934
ck_5ac86682385c86b8,0.022247713470011705
ck_4280c33af57eb4f4,0.0019359203056150656
ck_05f79ddd8eefaa56,0.007618595589081937
ck_3a57a13ce032a6fe,0.0024693804201813357
ck_a721f0d635fad68a,0.006147911908865663
ck_a3f821bdf408c326,0.005698251072582318
ck_0ada63008be5685a,0.04641506039069835
ck_8c949bdc6e8720fa,0.11975066165068086
ck_c0d2c56f9c722e99,0.9689200211029909
ck_5d2b9e6e087b8dfc,0.9882970695272696
ck_5217b55593a332ca,0.048261136077820295
ck_7a7bb9be5a7e48ad,0.016827737657417803
ck_24cd0d779e866287,0.002379324606501629
ck_7367917891a63771,0.056105026775462585
ck_4b31a8862a857e6e,0.7613219343463983
ck_81429c4910ca46cd,0.0025415808274336853
ck_b35d803568f82d9a,0.007435091505007527
ck_4b00e75c2d2d0522,0.0014202627011230334
ck_77fced07f6dff42b,0.008627965617204707
ck_3c9a06eb07c300e4,0.0007951155728852215
ck_b3867f7f494db64c,0.0018657494986534645
ck_0c45e54897ab34e2,0.05432948117152245
ck_507a6a580ab55c76,0.012341535021819816
ck_291bffc7809f896a,0.005033446392058339
ck_3753cc5b9d02e2fd,0.00485151890646754
ck_4f63d5245b3ac1dd,0.01572635947234376
ck_9dfb2ae78659240a,0.016043227559065794
ck_90f6f5ced708aa75,0.002122889743452089
ck_8b5b5a6b5539e39b,0.747828295663069
ck_4719112b55d20161,0.027370944565927712
ck_fec888a7108ca52d,0.9357250666745808
ck_4f5d022c99f118b7,0.008501968578368614
ck_e967ff05514b697b,0.07818861004382253
ck_839ce35819bfa4fc,0.001448986581517664
ck_bdee1221b9addff8,0.011754238620417457
ck_9cde4036d0914427,0.008164243059508998
ck_5ac959cbcc5e98f3,0.0010622244207757433
ck_619842688294dabc,0.011954318357768903
ck_7373d7b04c7799bd,0.05297838719230841
ck_c1dd3feb9a0b6471,0.009545252797187119
ck_0324a4812ec319c6,0.004369874529616841
ck_7f3685aa2933b251,0.12721377066189632
ck_06aee5a62a67a84c,0.0551603297532888
ck_3428910b44b9d08f,0.04379111438515961
ck_c3ba7534cefc1de8,0.010764885963361519
ck_1f1273a67cbad5e5,0.8279043997522624
ck_124565a11b2f8bb8,0.010262128358128602
ck_38e46bc861e0165b,0.04090215908532953
ck_c8ad3f01319c065e,0.1079987369433465
ck_3f94a34f5038f7c1,0.8841367401043464
ck_cee56be5a502fbd1,0.21685886783687902
ck_2b90b76cf4d162f9,0.009932748316588694
ck_884b2e463ff1d54f,0.0026016414275517835
ck_fab4f2f8531b4827,0.014386678312671944
ck_4fc6256e0e60a926,0.007419783901757198
ck_0a2f8b2f8a5b6f02,0.01716229216044901
ck_9c0deab8a8367c5e,0.0008884985809639782
ck_d3a2a4c011fa2554,0.011369744666949306
ck_4108b4038f762817,0.025678338618854615
ck_4df036e2aa7e1056,0.031110171800908224
ck_ec094eb1cbb3efc5,0.007434859839616114
ck_09f8f51bfd2492c6,0.040923978764297986
ck_b60fb9a10d6f4489,0.06794837434685864
ck_3638bc3388dbc1bc,0.21002340512505663
ck_7a58e0cc9943c39a,0.006115054679351203
ck_37dab6a0a536ed49,0.04578731266723296
ck_adc576690df5b33b,0.0209445673022259
ck_1383b2b1875000f2,0.022375272853637117
ck_43c1248db37a2eb0,0.006227376130398727
ck_29c11bd68858e923,0.0031715357220254508
ck_9401f9e11f65337d,0.012419907403664025
ck_ce5ed372b1a2ed6b,0.051753610283255314
ck_08b4619490e751a8,0.9558731226125721
ck_44b9125526acb05d,0.012876808246085327
ck_ef1a1de20d2124cb,0.030917210905074863
ck_e5e2624b7fc89774,0.03812968977789375
ck_f5100511609b92c0,0.0023890699793928435
ck_64f3bb17101b7c42,0.002982306903267667
ck_ea1e5b5128ecba2c,0.005225810445928066
ck_516163fcf04d5e77,0.029333554881109294
ck_7f9a748110d70005,0.004393643861667543
ck_d263b55f0a681cce,0.052255873959382776
ck_0e962eacf98a813e,0.005518207988309902
ck_0406931800e0e2e6,0.011284447570641665
ck_0e9b982afc88a3a9,0.9902051915717244
ck_8bbb625384edebd7,0.0021251410268666618
ck_5eaeb87bf6207406,0.7744010105133287
ck_cc3318839c4b0745,0.002611146291645441
ck_08a0355d1f1890ef,0.006512027697676927
ck_af7ffd1a822460d3,0.3109431205949812
ck_2a09c7aa870edb6b,0.004400342484724531
ck_bc04f51c23290bcc,0.009285053256229824
ck_d3a8333cb389f4c6,0.01872225165275413
ck_88e3dd3039508332,0.02257958706655406
ck_b8c7771de9b57705,0.006407663695405707
ck_585ababa02383b50,0.004331765853785846
ck_e988c108754cee9c,0.01290918583284649
ck_4a691892d9d6cf89,0.013678011718186313
ck_7cdce37d895eefb8,0.0033361461428264233
ck_483fb981a1fb4317,0.006656160855072937
ck_c1e5182bd99e0e35,0.1433063364077192
ck_9a1e3ec9a1839939,0.011534821046163555
ck_5c3f13de0dbd5086,0.022674846707266206
ck_f4f6f0caaab70040,0.006846312164345456
ck_791be3378dd7d64c,0.031160109122390513
ck_956dd784525f5886,0.05043279439331863
ck_098167eaf124c279,0.04630999834592678
ck_33ecff7914349ebc,0.017179026605488614
ck_e05d44e46c7174e6,0.0045015318939928325
ck_1b2ce474fa6582b4,0.042249303260199635
ck_ab581082e8f72e3d,0.006534472336075635
ck_e63256667aa19070,0.025955992628348204
ck_f568772b6cb3febe,0.018799443171306378
ck_dd89a282375bbab6,0.12812914546036905
ck_a39d0bca345b492d,0.0039022504583379873
ck_d12d2924d0f7a64a,0.012188810894181919
ck_6a548da1728b5823,0.9728948484774511
ck_6d64193681d2a94f,0.06704927888226597
ck_ced6b6dcdc7c201a,0.01052264814458591
ck_d1b0699d26282871,0.02103699923362386
ck_58f757e40a9b8877,0.03759643964548019
ck_3272c2c4a37d5220,0.1834417392162215
ck_d94dfde9e03c9d1a,0.02694162538329277
ck_08a6d4903a7fbaca,0.014361985635475465
ck_6c72a36b05fa0f4c,0.045561230885798304
ck_dbb4bd4eda97255d,0.017300449721614864
ck_94b59bbc824b307a,0.0027853832566696783
ck_0229a07185f15469,0.0039515397475379166
ck_11bf1039f8b3025b,0.0021226902974315676
ck_36789ca11459131e,0.17991868463575805
ck_8572c5f5c1447c62,0.04661346481100913
ck_9e75c6641939f4fc,0.09301985113395432
ck_b45e47c39d4dc7bf,0.01711158085687973
ck_02903c48b6cfd65d,0.0036259157838121336
ck_b153386f1729de81,0.009911854897611237
ck_36979996f33498f7,0.7659949817469144
ck_3c02d4dbbf6716b6,0.03513575185790767
ck_66c9a19963957531,0.19782057038332831
ck_bae8dae7cfd8baba,0.0029883431740098236
ck_bba0ccc6cd968680,0.04024906653765205
ck_3267fe3aac05c71e,0.008857781674406836
ck_40052cac10562cde,0.017235698111662125
ck_d973444855403e2a,0.013517557049713207
ck_012519bb095ad36b,0.9741623591128366
ck_ad7c256ea10c4a00,0.1084864658571204
ck_70a60e095e9b706f,0.0018217056095987494
ck_f2734417c0db4ee3,0.0015943951976053368
ck_9cb89cc3178e0172,0.022100953530348084
ck_779cc0f2de4d5488,0.18479198267425453
ck_35f8656bf93e3b3d,0.025558293692935507
ck_bdd8eba728800e29,0.049025935507402515
ck_002cf760d173f0f8,0.019954873707485377
ck_b046067c6ca3831e,0.005069740832988872
ck_a4a42d4bff8af645,0.0026098221156827988
ck_bce253d2396681a1,0.0037098061978367626
ck_00dafc060c8de32a,0.012473279588423983
ck_968a99e097ee78c9,0.04295062659751091
ck_66949171b387bb93,0.012881865884509621
ck_ad305286702b1958,0.002833385863248508
ck_4732da7e0d2dfc7c,0.006281253710008435
ck_17a95bba77217d85,0.02693819638610681
ck_3e2516a3e35067e0,0.00389443370835754
ck_0b615ed566da1f58,0.02224757123958301
ck_d2b3ce1ebabe9f93,0.01091742728039929
ck_a892252e4e0c2828,0.007611434996179735
ck_cf606fd6ebfdf9bc,0.005663029983199505
ck_718865237134ebe8,0.0037872587461830792
ck_878522cb775b904c,0.06677624442370265
ck_9ed53de6ef779ae0,0.0025323880431654304
ck_3f16e2cd7e6874cc,0.023389002897414024
ck_3c59df37895ead2d,0.005963629415486308
ck_6821459b626d492c,0.004794893587603633
ck_11c7667920541587,0.00464116411661336
ck_23a016cf6b98d89c,0.02992288106430734
ck_7137eeb394d200f1,0.04528771050761672
ck_9c4886c5c90ddbdc,0.004350979244159126
ck_1422a7bf7756294d,0.9183584452802613
ck_7ebc5fa7f0d3b8f2,0.040213099165979885
ck_fcc2059a8d5c41fa,0.23107916564766368
ck_00ff7389d6a83e29,0.1920007164257098
ck_03129b41457795d2,0.01583292057520571
ck_38ba64efa7c38250,0.06323507939978654
ck_57a6b56b09bff24e,0.016447023111786804
ck_e3b3c5a80a567418,0.003317838469277163
ck_fc40a16adfced018,0.008731360466208793
ck_9d4b5e6b43bad4d8,0.0037594732735784925
ck_61129937ee466b49,0.0337048395156883
ck_74112e47b8629c2a,0.1434104575623085
ck_b4703ee97f94d7fb,0.0007429306673216153
ck_e560f720a988d8a2,0.6373632521789242
ck_708fea345f68037e,0.0025263751287313836
ck_25394c1b83e0b803,0.02592248414383576
ck_17ab24fe914ae44b,0.0010173689995234484
ck_16c501470d9bb006,0.0018265278168605814
ck_628f449e248c19b7,0.0696787832722394
ck_6d64190623dea714,0.003844084531635948
ck_504a45ee08db72b6,0.010020362831510669
ck_6cbb011e0c70bc7c,0.0023651106800227214
ck_b3225a98acd04f83,0.0023826096960875057
ck_aa37993f1c17cd1e,0.0168645609203955
ck_558cfe5f77a55a9d,0.00743978161870702
ck_0d0a1a021efea5b6,0.025304507236816674
ck_daf7aea023b7a8f6,0.07889818714602417
ck_d75f25184ece2b51,0.0027141363223496494
ck_466d4b5366c50b98,0.010082603873616067
ck_88f27ab479063852,0.06816563957719288
ck_66779098e78c1760,0.0037130991132884226
ck_b150fe4efb449b05,0.005538104828867964
ck_9c3aa9f23d01fa1c,0.0036943663675205766
ck_6a01c375fc26705a,0.0023760537639764523
ck_002eb6552b504ea1,0.005615151971231356
ck_affa5aa0bff9bb0c,0.013705347026215824
ck_027614eeba8b1a4b,0.014948998678970565
ck_67e075c982add719,0.005791424711767898
ck_399b0d510be98bd2,0.007363734208471015
ck_e9b0bca7368555ef,0.00298626093043594
ck_59c29d9c57b4f994,0.03125979431552524
ck_37176850ed68831e,0.0018304468450580915
ck_a0db4ccca08030c3,0.8635782682617136
ck_aa188e5c25f7f42a,0.009962025452047408
ck_7de6997178207800,0.001073527167286339
ck_c729d19053387be9,0.044984750775811634
ck_f2d3e3d90608596d,0.44324367949984567
ck_2db3fb565e0211ee,0.00340148160245315
ck_bed8a480e27e911e,0.023197102763758526
ck_d7ad9921a4d25926,0.03615325948471113
ck_2a59f23fc5194699,0.1570671023529643
ck_63601a58a6120d8a,0.017868193942321857
ck_efd7b9e22c6317d6,0.006560659943116402
ck_9ab42875a0f95b43,0.05675348516063676
ck_85cb5033fca7c846,0.06908154833270377
ck_5249b223000915ec,0.04315196040963853
ck_3efb0e9bf25612c7,0.011539568276126984
ck_678e74532ac19700,0.019315538663089292
ck_a980b296c95153f9,0.01913654110804227
ck_01ac687ce0d696a7,0.021576511437989783
ck_52e1418cf1aa9871,0.011794481395558363
ck_7d28da4f1dab09ee,0.0633047932217173
ck_010d0c2e6c1657fd,0.027676159732560563
ck_b524f7a2e752b9d0,0.008539572443494226
ck_cc447fcc24a0772b,0.5338728453540511
ck_2cb3c99845e572da,0.0031285120346095725
ck_604c710141327a81,0.004525410616316918
ck_8d5fa65717d2e0c6,0.03128278841171497
ck_31199510b40602a1,0.013632983025730915
ck_49e253ea12f4e922,0.013298351655054143
ck_780738e0d71e7e43,0.002104012554751321
ck_2cd21137a07fdd7d,0.007051383386496094
ck_5e021f2a3b66e256,0.03455552041212253
ck_efbc79246e32c66a,0.028564872496600342
ck_9951bd806c13c7fd,0.02603706625253513
ck_7a52674e2806d8f5,0.028601108212222132
ck_1a319e509f1efa1a,0.0036563632205880957
ck_c920901b9a4ba993,0.8592118327946516
ck_b71279e807d0b3a7,0.009157549645835579
ck_47e1032f490bb018,0.01336223362566024
ck_192579ecdca7ff83,0.007340629905883533
ck_b1496c474c4a3239,0.008918498246601805
ck_5e68ea2c5e893cf0,0.06851413710003242
ck_f2ecab85d4693b4e,0.06344068416794796
ck_89d7bfc81c3df597,0.00781959812819628
ck_7929284327667791,0.039930042542276264
ck_494ec63c5ce8e150,0.011909710810214002
ck_319b059bb2145586,0.059221428116990264
ck_ccb3767c239018c1,0.007928991159595321
ck_a1c7adfe26e09a8c,0.026382698247794958
ck_0e13c4f73818149b,0.024026279317319328
ck_c285a51ed6214f52,0.005568916927815883
ck_916784595f028226,0.16419018269350152
ck_6cd8e0196365c474,0.03600411054509697
ck_57b657aba4daffde,0.06868612721846784
ck_562c76a3753fc7da,0.7924870081694411
ck_66cfc1ebc9a513c8,0.0019148773466947802
ck_0f38d4aed68d7d24,0.01739909812729327
ck_d8ddf5e99f7859e4,0.02290911398976857
ck_41bc3efa0fca700e,0.060053608419065936
ck_40799e129fcf42c5,0.11910632259150238
ck_786f079389126e44,0.02741936807344024
ck_bb4c6b713eb0b978,0.11142928024364726
ck_4f01f7eac0efaba5,0.006212055886575725
ck_47d29c01b20cf69f,0.0069246400817356765
ck_bf15a1f8d67a30d3,0.013725041687382637
ck_bfecad7586f65e4d,0.023683955608812535
ck_fc9f16df35190eb4,0.22587584637301672
ck_c09c914e416edd08,0.006637773670819792
ck_c54c5d8e4433b0f2,0.004057079925910749
ck_1694c28f44480e98,0.01179415373576696
ck_1dcaa3078dbb7571,0.0018705211894117673
ck_af559f990c640e41,0.00493388756547592
ck_9b436162039a77d0,0.021958963194882004
ck_79d62ef181bd0cd8,0.0054061793002558225
ck_23caafc2cd34242c,0.011040622641940633
ck_ffe2aa26f597e552,0.012686352865997716
ck_e6ffd0754ac08661,0.01631650956475606
ck_beaacb4a783db21f,0.00557201958309712
ck_9863bff41d24ce9b,0.012910757540330742
ck_323b9cc5c49f8ea0,0.18747405762051042
ck_ab3de3d3e41c2082,0.006761290566041676
ck_35c93b2924900376,0.00562497647328538
ck_5a9d5f9901e37e31,0.035208534678435065
ck_782b0be796164335,0.012131320379458249
ck_11960b5f1c7a5e2c,0.0026515994490877884
ck_9a66cb13a9884cc2,0.014967295746450946
ck_ba666a425930615a,0.002279305492116944
ck_40140bef4db73741,0.00694963521820818
ck_e05e91cc180063d4,0.211511517904685
ck_c7f6f45710bc050f,0.002862548992403775
ck_055fb9f2e1c8c934,0.04707177616190423
ck_58bb02d98e2b9cd5,0.05336615398528592
ck_d9f8efa6a7800f76,0.015187196071602564
ck_69691226c68fd50b,0.2418771736731032
ck_6f2f0396e5b1c538,0.9658134278703743
ck_78bc3f1d0f35ea6c,0.011487268259469365
ck_2d5a6b6636a2596b,0.013758355085876127
ck_7878545739af0a73,0.003566893623216071
ck_03c4fa4f3ed3512e,0.003060946765610632
ck_1a9e51d092d62c84,0.23650373860853535
ck_9f3861940d8d873c,0.15290653286034994
ck_4684fdd61c6a0fac,0.02570701633544047
ck_715966f86d5c913d,0.003969796831007774
ck_77f293d44b4a3d2e,0.04813504882241456
ck_24dae044dc05f849,0.07968606307142556
ck_00b9818e2064405e,0.10088624303226666
ck_c1c2cb49c3c1b0f5,0.5464678787216579
ck_bed50fc64fbbf8ec,0.007711364342968961
ck_4f6ed5ea5ab7c429,0.002339173700620704
ck_458531c22ec2f9b3,0.006135897481401253
ck_51c50c4c443df31a,0.7986834958011234
ck_732d45bd578dc39d,0.005469099710610693
ck_783fe5bc20cd02db,0.06386157767639752
ck_7f188aaa63d1d442,0.011162569550065189
ck_ef307a6aee38d1fe,0.8581540630646628
ck_e37196b20968b73c,0.02992288106430734
ck_4ef9de711c3d93b1,0.05724152424613237
ck_17946516d5df71d7,0.005251641967763156
ck_3534be0f4efd313c,0.014326327461803536
ck_29fbabf855cabdff,0.0028188238515200947
ck_191673540d8486af,0.0447204951194278
ck_5f52728d777ff2c5,0.017825100000762685
ck_a045a19369016818,0.9886877932623095
ck_4eadbe7298b15e96,0.037420525909079454
ck_a3a0bd59729fe619,0.006739229594048558
ck_a1e77090b1c6ccf4,0.008154224328667822
ck_69ab9d4784eb77bd,0.02606034435289131
ck_baa47383ffd50f04,0.007342520627502507
ck_e35b2ed08b9e55a7,0.0070340766669468
ck_b6e3af0a5119d9a0,0.0683911242113999
ck_a7c1dabf3869772f,0.09582638322710142
ck_80b8fca67a14e0be,0.5084904699049975
ck_dd9c5f0c42878e67,0.004416900446507739
ck_41ef7967faf5ce82,0.0019460805958763081
ck_a93560aa348d6225,0.06401484878000274
ck_ffe91d6f0bd93fc6,0.05322496736726086
ck_fbf630c960194033,0.025471466667463256
ck_497ed60723283c0b,0.05218179434543939
ck_2a46b7ca55239413,0.007221670481170795
ck_1a4e5ace078dd782,0.02372854442752701
ck_616cc31910f5de50,0.013236211785321979
ck_0d65bc749eb42710,0.0359139200913914
ck_2408db62e4395ccd,0.01150357044664855
ck_5d7721930106dce8,0.00769372983513599
ck_e8a6acea22b20312,0.08696040067607833
ck_e2f792fae128b18e,0.13300896703922543
ck_e6d3ce445b86003f,0.0044255159491097444
ck_263334d722ecbc97,0.3088843719403359
ck_8c5b29f6666d4874,0.044533186736667556
ck_7ea0bf310fc20c7b,0.9438472807059217
ck_54d463f7fd89ec3d,0.04951002653364516
ck_79e45040dbdd6447,0.022549056904628148
ck_60b4d59953505682,0.7368459018231696
ck_fb00dd5021642507,0.03244401117103311
ck_f409ff994a210601,0.04192060828353287
ck_2ca0020038bfec58,0.2653930590124942
ck_adf84b9df54c3d80,0.01887828333142625
ck_942dbf632591b65d,0.0291196504940573
ck_454a7e4d859a3409,0.0017458700776898832
ck_2139062d4569aa07,0.0054312291356646255
ck_e949a0f4df0b3902,0.1087879232397298
ck_bb113e3e6716ed65,0.02535486696176191
ck_6a28ea6ce69cb869,0.08260071904784977
ck_7df9910af2bba21b,0.0036183011074781162
ck_78aa4b731cbfe251,0.011243718084179769
ck_5839f5cbd8165b1e,0.10421734663762153
ck_7158ad9e58769ffa,0.08685780342579086
ck_acee218cbe61df69,0.07334870864791765
ck_f8dc8473c2772729,0.11749724486372806
ck_f34c93a8173555b1,0.07985856810978931
ck_7cf301d075e4e709,0.011433805185147704
ck_b87e88ee5512ea17,0.0007345813713360773
ck_bed0c020b10afa3b,0.01500989220461425
ck_ca10102961f99eb4,0.008460240046712036
ck_393287947b5c8d79,0.027302343774778335
ck_2fe6cac002142f67,0.04066072060249434
ck_79c7f0d29b1db1cd,0.024081789216242128
ck_c735b643d3cbf67b,0.009956373707566935
ck_ea4332c8fe48e2a3,0.014467733090130509
ck_d39864119cdd460f,0.00947968626935519
ck_3b963d6be2773861,0.006940188374739867
ck_df39e3b8a9fd0bfd,0.688255893353537
ck_6236a461dc0d11a3,0.0033091529257053063
ck_475ebccca25e30d1,0.011203112319211067
ck_c10c8bcf5bcd516e,0.04552966134283498
ck_49ccc3716a564256,0.015428744333124194
ck_4e4f99102f6938cf,0.014110470498249915
ck_a97b481ade6f7972,0.019480349384856634
ck_3fa559c679751b3a,0.029688582186611412
ck_3eba1fd2c7acc4c0,0.4757572000331444
ck_18c179b4afc4fccc,0.009037901926556423
ck_cc1c0b93d05b7d20,0.030062438678865013
ck_742f7c28ddd019e8,0.00769027469622499
ck_04470bc93b8a0d71,0.009023395701135962
ck_6e8f8ef7a03cc6bf,0.013712171314071929
ck_eb1ddfc353b4da83,0.0025393341304158243
ck_98831b57c7ca2e4f,0.00252886223451641
ck_a6c7b8d6e8596d4f,0.15011456714442215
ck_cd7d24e3b095e96e,0.24631226128067882
ck_3f5ae4673a9f858e,0.014070977665478275
ck_05f375fc8ae0afb0,0.012411323572412565
ck_1fc98436281ee39e,0.0013081208743945891
ck_6c48c58678f64bae,0.001075204477089436
ck_8c95aeec6a4c75b0,0.005069993360764218
ck_364cde38958b7af3,0.30602768536702346
ck_85bf21aa1a00452f,0.002800284459650213
ck_796d3eaabc667c23,0.9849556918527944
ck_ac449ee0c315edde,0.006840419605457036
ck_6f9fd15ac6b163de,0.0019580772743556215
ck_4087065be2a45ad7,0.08035415540057415
ck_ecf006bbc78ee3eb,0.16777730175957684
ck_8ca808cc5a49cb5c,0.0209020138577672
ck_94b90ab8b2dfb50f,0.027976860368054905
ck_59fd11b3232de9dc,0.5426748099955143
ck_67f3794d93e2dd67,0.11494234322474879
ck_b7f5acf5df1bb13e,0.009932748316588694
ck_fb04ecbaebb774bd,0.011296237471155643
ck_68ef3e7301c621b7,0.025064874519104
ck_41406cfa209b6bda,0.006687683060869706
ck_b0f8f5408662337b,0.007266091667262605
ck_0d2901bfe585c391,0.07516328954509445
ck_3398551e81dbf3db,0.08977397865274828
ck_61c3e3e277629646,0.0049748831420326125
ck_2825e34dd3e7ea2a,0.004164481193759109
ck_20d7571ba830009d,0.008344661838497547
ck_c98b16f9a72a6568,0.0006961174235759421
ck_e7c8a9e4641eb9ed,0.003013864654777945
ck_254a7c97c36dab8d,0.02171807959210446
ck_e98429675b46272b,0.0025149567341986143
ck_c2fc0ac460786d02,0.05958110544159505
ck_fba15647b3a140d9,0.011398513095481453
ck_15ce50f2704227be,0.018507618263793775
ck_8c748aaa4a4554f9,0.011834208547181539
ck_e00e82a9419ff086,0.022095754504642153
ck_832341c98254bd84,0.010034638310466904
ck_27466468d06db4eb,0.04813880484914683
ck_9d7b9e3ff1f3e71e,0.006153379826821446
ck_42c6973d3a6fe983,0.001935348765649274
ck_877c85bad118bc62,0.08151115149537057
ck_75d2a2715259c4d7,0.057367967964011425
ck_37d3e5c681a2214d,0.48933450502319853
ck_bf285dd49f372de4,0.055282581320762816
ck_a5bdd026fa9c50fd,0.0034258920489654092
ck_88d9244a9cf7a77e,0.6919574221895531
ck_5881b174e49b04ee,0.005126709303587782
ck_5b16d67c5ea89930,0.012303338255560785
ck_b75b936aafac56b9,0.0025720679680090613
ck_aed2681e1646a0df,0.035337919022078584
ck_f63cb5e8cc702bad,0.008699768160272797
ck_1805fcfc4a9e4ffa,0.9398617369587658
ck_25c355da356c730d,0.028083849255680766
ck_70396398e4a96449,0.0054501326655469464
ck_0f743bd13373748e,0.028657661451105706
ck_4b387765f0e916cd,0.0014173498051858744
ck_e971faae8a10a260,0.0024920290462099514
ck_9eb08369e983abfa,0.0019426270673696927
ck_c30c5844512e429f,0.060918339800423146
ck_59e77e3a81f1fa0d,0.02198678873550069
ck_ca4465f2b5c1a52e,0.9276117382120265
ck_c89b9ca398402f1e,0.006073041035064723
ck_36e72ef9273e7a95,0.009416705801809718
ck_2bdd8616870e5e1c,0.0025479548251649215
ck_216e87a41de22b5d,0.10366838732038675
ck_60f4fb44f5efe3a0,0.004201248328776924
ck_05652e8ace6ce6cb,0.0010728509804664853
ck_8c136dc691e65695,0.0010267767778512902
ck_a08f8dfadbdca112,0.0018425293153609432
ck_bda4041a3e90d860,0.01846643039060217
ck_15dd3ecaa8ce0245,0.7329038958456645
ck_3e3c64b3b7876ce6,0.04224998524078208
ck_46225858a38b2e57,0.002671555683496498
ck_0cb9f54928f4feee,0.030871301264551072
ck_152671fbf8a9a78e,0.0732786798494775
ck_ee7a515e87d17d4e,0.01565174195452456
ck_f7276091bf513d22,0.004538244045768765
ck_4f05daf1cf0d5755,0.002785868116456696
ck_83a69c4a5d55ef19,0.02855572550778528
ck_c50fed2a7c9198c0,0.04103689676043445
ck_70d19d5650ddc8f5,0.0069572421661677425
ck_4b4d99e443618904,0.01409022589888818
ck_dca0b6ca93311ca2,0.030136428355336666
ck_b7431d4706461ec6,0.00391547218421154
ck_7b59d22cadef3b05,0.35619174045388347
ck_53428573abcd606f,0.045309635564654976
ck_f538ab6aecf2adfd,0.0018296383118908592
ck_d321249fb065d2fa,0.05621541233858359
ck_72fdfc7e6d8e1436,0.002158667980371117
ck_b52b99dad89ecdfb,0.042013094407538976
ck_d2d4282f9d256b3e,0.0054482796283368195
ck_c8f2a1dd8a6141a4,0.0021301080686009785
ck_8d38747058d0aeea,0.5673151322528411
ck_3ac528caac74f563,0.006021597922489807
ck_8dbaaa00ad829ca9,0.033340330518651026
ck_7c38ec898f0fc21d,0.004740598789397862
ck_8171ef803f5ff604,0.02211142664833085
ck_01a750db6fc1168a,0.1072581381546019
ck_ceb017baa26e98c8,0.05729553776435453
ck_e2c66c72cc0b0f78,0.07955712423802971
ck_8d9518f64b222416,0.00522881102196126
ck_804c5a1fa5753617,0.005481622765506434
ck_fca7cc9c42695453,0.008042830798329107
ck_3a632cdf2c19051b,0.01179780295989876
ck_b2b63ea65edf1dde,0.027140382596744863
ck_27b07021500ee841,0.02008291495907724
ck_9724718fe64c6557,0.919682555115471
ck_2786cbc3e75ec034,0.5561245679770137
ck_d9c2622cb6df380b,0.003978208015065322
ck_ae1da8ee98e402a4,0.009012881252313353
ck_62967b91504149f9,0.00573475095469902
ck_6b255bf68709109a,0.010148834642423834
ck_c55afc68421d85e2,0.017809899122340423
ck_7c7266f6ef2a8466,0.029236207658429412
ck_885cf685a9541190,0.652203988563083
ck_1a4bb7d3d2ee3227,0.016284390181902007
ck_b4911c42f3bff740,0.001299891909770387
ck_66f9f78d4c6a3edb,0.02581212475936432
ck_49bdba9ee1899dfe,0.04837847805549995
ck_79b235d51718435d,0.01891135690176755
ck_d840db8cfe2ef6f1,0.002051424403262902
ck_610c7bcc1cd7ecb0,0.011007266522462386
ck_cf49b6544aff6c50,0.17328277490221966
ck_de05f97c3d40dd1b,0.1165469589668371
ck_0302f67d75973dce,0.014674981577265028
ck_54c2604c9ca6256b,0.022013201413815797
ck_a1c88c0568f142d0,0.18104996731677894
ck_5d72ff6cc2963d1a,0.003900694428255848
ck_0446920a1004c596,0.0024414184875967532
ck_71044c29ef071570,0.00967612033442287
ck_2122e9bb1afffef7,0.019163224005630745
ck_d1e3de178601d3c2,0.050147663052682465
ck_bec8324a3587ef04,0.003913035299379089
ck_b616b6f45225f319,0.11634015778089817
ck_ce1e695884511479,0.02949933654675363
ck_a662b4bf900781e4,0.0011434937512496807
ck_b5a84c5547378c10,0.004051924761878641
ck_f80af368cfc6cb7e,0.028682003231121578
ck_da3526ab6c5c884a,0.0229843199694693
ck_bd20be9a3392d79b,0.006825081353406986
ck_b8266dcd90cbfa62,0.002410451546399376
ck_ac84b33304362c06,0.01531704504045517
ck_794d8935a895e33f,0.04018670007530749
ck_8fea7d915259f1be,0.010436302507177087
ck_7a1519ad5ff45312,0.002495466405466765
ck_9bf3ce30b65f75c7,0.04417337450846827
ck_5f864d72d1eead99,0.03844837178524782
ck_3c48e0cfc2a58041,0.42955855691011174
ck_d902183f80cc81fa,0.059398948261997174
ck_539cb0d117db8cd3,0.1540418863247992
ck_28f530aec8e77130,0.04911862005501506
ck_e7d903c50d353361,0.02320534278921109
ck_d288b77d1e227970,0.039810654445859156
ck_017208fcc01b5d40,0.010191887137776176
ck_7e3923d278a5106e,0.011512760882535606
ck_9700a00ff9e66216,0.0307652032569038
ck_5c36c78b7a4d138c,0.031047037075154292
ck_c457e9c9224b773d,0.017450041880357658
ck_1dfa91405d7e66bc,0.0038562900339149204
ck_f1d8a2695a575e56,0.00459148866995953
ck_3b92a46daf8d00d2,0.015006262718340713
ck_aab23b5470469649,0.010996853364944745
ck_ecdd01a391610d99,0.008740072724825045
ck_abd3aa292f8edb4d,0.03430911389551779
ck_7fc9a0776e1339e3,0.003750258199305553
ck_c0389ebeb0e65cb8,0.0026555441161237653
ck_48d0fc4f6a2109fa,0.9915136989867218
ck_571dee4f3336c7ce,0.02459762954145183
ck_4cedf26628c84f26,0.02260818610361469
ck_63356762d24aab81,0.020474752321069718
ck_2c5bc11bb7ae5d2c,0.8962884627410456
ck_6d26a152f900fee8,0.0039737646455697264
ck_c972b0e781efed3b,0.0013706166376657614
ck_fa0ecbcf9a33d6ce,0.003268339014388569
ck_fa3a766e49dc77ae,0.014828961460513688
ck_7baf1e55db0dc558,0.00927271949498034
ck_e8bc49e6494c1f37,0.005149949382850346
ck_8ef1d05cc1e53e7e,0.046883370610696154
ck_cef2a485a77e0723,0.00569658987703346
ck_228a583f23abff48,0.024738742790601297
ck_ac32c6e374782b27,0.09635903111284148
ck_b9485218cef413f0,0.0033806615279260523
ck_7f15503048915d6f,0.00725059438116395
ck_b62f5144db15ad34,0.1838514221414713
ck_917d82c552f95a23,0.009620201509225317
ck_fb4797045077bc6d,0.005308981504319293
ck_2cf8a44e041217de,0.012097913053713551
ck_b7dd681eb3d2ee38,0.004663775532956043
ck_e9e8cacd2fa35e79,0.02522103758652155
ck_342a79f91de5d1fa,0.02992288106430734
ck_2c91f62c05685ed7,0.0026287374185617867
ck_e30cb64302939f38,0.019774455863284128
ck_d0e95b90ba86da10,0.00987788541882873
ck_1774faf414a5d49d,0.7892707456548753
ck_2401e8ff89e574fd,0.8745809204159694
ck_0cd8802264e0a1ef,0.02328804494216175
ck_da84a0dfe947fd3c,0.0043354735559886955
ck_c8affb27ba7fb5db,0.04289114694749176
ck_bc7ece8787ca7200,0.002761309155650837
ck_469a0578d05990c2,0.0031989232355960234
ck_eef67f8dea702338,0.0841167597324498
ck_4f490e379e9ded9a,0.001779919008826756
ck_354379de065a8ff8,0.004274051385407002
ck_5db1cb368bc41ac3,0.02953703871154237
ck_9b1c3742dd6fcb8b,0.021265488030118528
ck_63ce4f44c92d7143,0.03610252226676056
ck_e15e3390f5ed45f3,0.012516570135847255
ck_da645ea91d66aa6f,0.38773420110338025
ck_834ca727df855f07,0.06507305726209311
ck_e1d5ad20c737c745,0.06444310285406846
ck_ff8059ae5fa5f1ee,0.0010946858229839962
ck_8bb9e75393954a1f,0.002877286662721358
ck_4e1757d1347ab387,0.9824267965500272
ck_af3f74b1d75a5d95,0.01275878297533528
ck_6b1ab0742ff04c3e,0.02405910474372136
ck_f56073911c9f1ab7,0.003182622272657034
ck_51bd5f69b4fe0b92,0.5501298176029145
ck_fc3d95030b81f416,0.0009924376419239683
ck_cf78169633a1600f,0.009311229385535883
ck_ad7269eaa65c67f9,0.0053939479834536185
ck_cc6d33890d47a6cf,0.028394536632329808
ck_bc8f31f4a2ffa1ae,0.0008184090598906436
ck_720776a46e56dfa8,0.009593324204164269
ck_e2d1f212f259539b,0.008981688735709979
ck_eaf6f7082c3db2bf,0.050351468164921566
ck_773efe58c6278c3c,0.008535983310954358
ck_c4a72c09f2fdacc4,0.014228630665808274
ck_8982888dd6611143,0.002332538371065193
ck_9d5049e195eda029,0.03798860755165983
ck_de58ef6f9fe2b546,0.01399507457837973
ck_c0b50c11e4f5adf7,0.034203760655922656
ck_ddaf228487858bb8,0.04453245676239074
ck_eb2323215ff70362,0.059557944770208086
ck_168c96a1a636ea15,0.02612282058370736
ck_9c46711b14d9eebc,0.004390744222950896
ck_de8af660806b97b5,0.00448238889470392
ck_6ab83f45bf16eaa6,0.005752150874118747
ck_bf2228a052815840,0.007062568978544274
ck_3f943f20a9da9bff,0.008336011672476714
ck_3baae40454c00938,0.00962930188390847
ck_bc2e771a1d8d2dee,0.047604321011801475
ck_e55f5ca37f30ce8c,0.008730600554629838
ck_4ad5937bef176d89,0.001895063584043692
ck_126531a9126c17c4,0.0028601169181627652
ck_7ec423cb56257516,0.030634336606669938
ck_54748ae0f2daaf10,0.03169641456488331
ck_ff24776280ceeeed,0.010057612775573354
ck_3c3a1a1365741bba,0.005348702304444538
ck_615277c8a4e2b18b,0.013145125595136023
ck_a96aaef34173aee6,0.10850919350641246
ck_bea56db7f3e930e8,0.0017370193928188133
ck_ca491debd3b32a59,0.046771364850701845
ck_d9ea77f4114a389c,0.0016068872999662014
ck_322ffda3332d08a2,0.04940879250826053
ck_c40ffefe4e30b001,0.05597762433216069
ck_3b1d7648d4580bef,0.001376951853213563
ck_23981a3261674131,0.008026584256125225
ck_11667f5b9fac7bc7,0.0011848235549978534
ck_646bb3c7be5f0817,0.017653333004398614
ck_ebd0a45712dcf07a,0.026259086226616983
ck_baf43bf1bd963f9f,0.08073930238484897
ck_e0ca2c819658f6b6,0.9876298938072341
ck_f0d6633d0834fff5,0.033846031243804954
ck_91081be0254878a5,0.0022830296694158637
ck_1325000bc7f35b5e,0.0019447645780080688
ck_c624b9063400fa3a,0.24967496846381904
ck_0ad6fa0e23c3bd0a,0.3204748741271077
ck_6ddb55b1f23c6cb1,0.020149493309937278
ck_dce1fb3acd65562f,0.002783813429318674
ck_a9aa389688ee5aea,0.011633975770644712
ck_5c5284c45d9ad8bf,0.036092341735122484
ck_9ce743dd3e92549c,0.031081310064767217
ck_8342e08cc2f9bcb7,0.004450578047184736
ck_25e551a0a8d2fcc2,0.029996921660160873
ck_d4fd0e438c97e0c7,0.04185081231136987
ck_ac7fe1c344190c50,0.00812502681311977
ck_ddd65711b5651f89,0.0033376471941906818
ck_ec7406cb5cbc8f10,0.005702413440805519
ck_1c65e8d5be3b9c60,0.38453263570344554
ck_38ee42f15a573e81,0.030864364474880945
ck_0e5385c70c6de025,0.005143681422846013
ck_d3137f0f7629040b,0.00621930118516992
ck_9129c92c12e0c8b4,0.003434831892667809
ck_c86520a00e50a926,0.10955636483741288
ck_87f82b2b5fee757a,0.01943148857581428
ck_643abfbd7548d0c9,0.0265634506316349
ck_be51f4e5e6b85768,0.14549903547538304
ck_132c16312f37810f,0.006248714733503254
ck_c78c096ca8cb33ac,0.0010667799657437284
ck_2ce5afbc014763b8,0.018464656966618188
ck_50ed8f4e7ae6710f,0.004633593488319567
ck_5a4eb535c9a11993,0.006040821432236982
ck_9b665ef46d785324,0.003169531883415855
ck_e066f71f8b296b7a,0.003552263007085955
ck_560bc6017870ab06,0.002986303927856693
ck_fd78f8a8663646d7,0.005485932818790133
ck_4af5ec61ddbde1a4,0.02693819638610681
ck_c2ed04a9d218410b,0.0061928793700267845
ck_2455d43bbdd2bb69,0.010494336420467843
ck_56eed7041add49a1,0.14289668675316441
ck_5f0be7b468a72333,0.0028077743152140414
ck_19660cec756632ca,0.004825433687968392
ck_fb90408f4892a21f,0.02171168421632645
ck_833a65b86a5d9bda,0.004202777478705889
ck_2ac36e1dff211d38,0.07577880418907258
ck_c00e70606904539a,0.0025110943970964466
ck_ba8affe4b9505a95,0.5005574779164776
ck_0c3dd22587b08018,0.04218407006220173
ck_618c4e5cfae99dcd,0.17549459496524902
ck_c9690baddfc4177e,0.0019161441589304858
ck_59fae092fb0c4aa3,0.026074179114805085
ck_e03b7d0fa0b28f4b,0.016628988165303962
ck_d451d24c780b5884,0.009939363540485668
ck_e980d325b8dbb8dd,0.0027539763842452337
ck_cff18e2d8c520272,0.004590678182431048
ck_a0e46b67e986ab56,0.007778728982824619
ck_3a469039a5b9d963,0.005261899083424227
ck_12cbb211ebd2b437,0.039391290489829464
ck_b8cdd6d6dccc4554,0.0015452277502314433
ck_794ba5921cef50c9,0.026556835176232262
ck_2c7667f64edec2b5,0.006315905386998439
ck_7262b4e0c29c942d,0.013420471339384545
ck_5d818522cbfe2a54,0.05780903915432781
ck_de39c1947fb675ee,0.16498647861630047
ck_c021495606b4735e,0.007563295662000482
ck_1fc03ba33edd9e67,0.01736398385330697
ck_a6fe344bbf67f14b,0.008148824899733188
ck_963762210edc5694,0.09384237691586103
ck_d064428b7e7dc409,0.004987550094209451
ck_59be61b53d971611,0.008534683112873318
ck_ec8738ec663cd2eb,0.012374008410030873
ck_59d086fab5998646,0.022155058913511525
ck_bd32dd3b2cbb7888,0.9709418256967391
ck_ce0166addb93bbad,0.0008183534431170486
ck_7c0fdfbb447cdc04,0.008176020662021478
ck_cb1bd7635968ed8c,0.17177000764321812
ck_66f94903177f20eb,0.005611278492473058
ck_1d7cd5dcbcdafd7b,0.6805607292817134
ck_5e418a7c04437b4a,0.03159833790894419
ck_631ea1ae91ab333e,0.007310151438431179
ck_0a8029e79a5ae7ce,0.054323100329223765
ck_c4cca8278bdad9b9,0.0007176393537466544
ck_4dec3df58077a257,0.22180288158866998
ck_609c249edd88c565,0.007989691489499691
ck_02e5f9cbbbf2f078,0.05945857141661675
ck_32e486859130458f,0.5967505054615866
ck_21ed2ea6386c5a07,0.002493604136984461
ck_1242aa4496576a99,0.0063357610759553285
ck_475ea9aa6d3898b7,0.06551647198484403
ck_fe1b1adae3be70a6,0.7742522040893239
ck_c5414d7a8031d4f5,0.0079123969200923
ck_ca1f6f01868e978f,0.04790177132763168
ck_5eff0208c74ec714,0.01693279584439381
ck_a315c9619a317609,0.018812036178603237
ck_2b87683c90acb852,0.023420779453533686
ck_7cd9f39c50748ed0,0.025050640923962926
ck_16a06d58d71935bc,0.36578393812205917
ck_d116e0e7c19b878e,0.7426892979134797
ck_931510e384b1d0cb,0.014790747929860498
ck_e7651fb87bb24132,0.002550566146843411
ck_88ef9f85948e1a01,0.006601090891477668
ck_17bf38d51115a8f3,0.02057944954198629
ck_2659d1d3762a2825,0.010597537014485266
ck_a7285955e2852686,0.026513454546588426
ck_f2c33d5b65b321db,0.05878901217591264
ck_83e5979334345622,0.032654656549970386
ck_629537d8b4d0f395,0.005732952731538497
ck_72022008a92c9386,0.03981510120426905
ck_2973b8274f0bf69b,0.02658129592602257
ck_565e3418d2f4061c,0.02011573576699954
ck_54bb53b8f8ea32ae,0.9841585674260634
ck_af0a6540ea7a36b2,0.010477237992809276
ck_888651bfc2c8cf70,0.005953459455222734
ck_1dedcb48ac381a1c,0.35921046052642314
ck_f73273e220296be8,0.011297594250098983
ck_8424bf65223a5a9e,0.013524398773124342
ck_337b930fd149a696,0.012668648479982855
ck_8a4952de8a123ef8,0.018475784442613552
ck_884168153c9c0c81,0.0034117246813411923
ck_fdda581aec411010,0.0019308821401263232
ck_2b7cadbc8b180d32,0.9069749046611753
ck_8aa8b9968233a1ab,0.0061662522432743465
ck_0af18b3ce015d294,0.0031760140219700746
ck_8dde670a735d1e90,0.10684571828457035
ck_62f46226f244139f,0.04481477246401686
ck_f948e8a8fdd79b4e,0.0040583266260611275
ck_fa00aa0f3e859904,0.055818308909139185
ck_fc7935f784a4f249,0.004328091550295933
ck_e7501307c0698e5b,0.012150030760019321
ck_549ed417f2834cee,0.03043312198226671
ck_fb2a35571ec719d4,0.06853249318200738
ck_25822068c86c856f,0.001532788324819994
ck_8f35d229b62c8f23,0.0214019347398651
ck_bdcf049c1e7d0c95,0.007874615715921527
ck_0aa9db36eb16422a,0.001787173030862039
ck_42dcf92e9e016922,0.06328668286040641
ck_42341cf31c08c981,0.0034327135295537793
ck_0b20bfc515ba42a2,0.0065937646496844185
ck_0ec820b670d48098,0.005093191150619511
ck_1f0bafec397da8e4,0.012053862275331848
ck_82f07504ab59ed33,0.12492295777947457
ck_337b24a474010abb,0.9869362305599352
ck_703703bda38fdcf8,0.01281696879834002
ck_01e7960c63dca3a4,0.7756878365130702
ck_be5bd81e3715cb8f,0.6355826483441328
ck_197f8058cea1fbea,0.0010155249760501494
ck_eb3fb1106f2f1b21,0.0567829342037773
ck_658b4b54be09a4bc,0.9775893893861317
ck_266ce7ccf41ccc50,0.01749760304349845
ck_110608c3b03d4038,0.2857902277180153
ck_1be8cb95d6d9bbf8,0.0013645352637209624
ck_8e16a64a776afa82,0.0548751476333787
ck_34bd190d37eda534,0.07656768145991745
ck_4f521611ae14ae66,0.0015345118560148997
ck_d839798f9520363e,0.10844451858057944
ck_d1bbfd246c0ac9d5,0.012616874180803954
ck_f19030e6e85a6776,0.052535711897434535
ck_cdabe60ab59f9d5a,0.02758629194588306
ck_bb84b2b30293f566,0.5156970746719767
ck_427b91925952cb40,0.06591704709173841
ck_1078b1e155b5b640,0.010715715821931178
ck_95fdc264eac72fa0,0.0037595763325648885
ck_e35eb857c61548b2,0.33007248605358896
ck_69bd0b1abea7e1f0,0.1943110921203329
ck_59de511b20c842ba,0.03297368377587828
ck_168e7ea341a36b80,0.005613014385359365
ck_4937cfa6526ea138,0.014703773800647212
ck_bb1a981306b750ac,0.07981145847292262
ck_f42a43e4c3f34ccd,0.008350776221394164
ck_c7ae1d4b3ab38185,0.002789346701989855
ck_bd23cf9bba1dd33f,0.023443700388741648
ck_0fd826fad7ec7cd6,0.04342762027511714
ck_f143641bf3dd0414,0.020302376864354925
ck_ad6d48c20a3688a7,0.001449850112875397
ck_7bda5b5b927b2905,0.1718682208773157
ck_a337eb38eefdcc88,0.18164269493274532
ck_403da2a2d800df9f,0.2430667741127176
ck_aa01d5aafde73d0a,0.007315062282858224
ck_494954023f0eb309,0.06722701881423496
ck_1c6820fc38135ad9,0.027438771223654117
ck_0e0bab173622db9b,0.07452176987398157
ck_547090bf35a3b243,0.013976037449011845
ck_d69455220b21dc9b,0.004309427411009575
ck_90b4ac695b9c6bf7,0.010412804586231613
ck_8d2afe17c0082e6a,0.021410617382522326
ck_926b81c0ba528eee,0.010438129187990794
ck_ce36b0c287bd198e,0.03220544067980797
ck_8026e017909aaa6c,0.0030391494420170433
ck_dfba788f35d4c372,0.0029045900094896476
ck_f09f9d0e0886e0c6,0.00490541993469392
ck_4ffe0366df388604,0.004615088046925365
ck_75bb521de55644c7,0.03870515006690631
ck_81a960fddf79ecf1,0.9102198470202965
ck_8f43459991ea511f,0.013448086116010548
ck_f878b68d66fbfd4b,0.0026903711645722295
ck_e84abfc0c747c9dd,0.9274695861280843
ck_3ad3fd3cceb56b66,0.9444310204433239
ck_7cf562578c7f158a,0.00528472201709181
ck_f81a97d350397306,0.0456575660772805
ck_255d87b7fb40caa5,0.01124814275258968
ck_b3905153b9eee924,0.011771890994688068
ck_2c80a592fb4cd6a3,0.0022196603364215985
ck_57deb202d4188a29,0.018333204666305704
ck_e3cb5f31d8e94448,0.7954924807948198
ck_0db62d5f7f75f80f,0.020957724294356342
ck_ced9163ea85589ea,0.04612343650416621
ck_e16528edc694fb33,0.9096368996540161
ck_78cc5ec4940fec3b,0.010976488141788678
ck_31742076e9a998f8,0.02294350906673411
ck_5ac335f02280271e,0.01044484741174995
ck_7cc2e091806cfa5b,0.03726435038343214
ck_3152c7115257f084,0.023365444841844524
ck_ab1b9d019921bca7,0.00725222946283405
ck_c33a762d98f9b290,0.0034997013597066126
ck_b16a7c51b6f7a6b1,0.026616251361931246
ck_97402a153348e68f,0.012370327611636877
ck_95391029a21caa24,0.06215056829682478
ck_c2015a1200971fe9,0.007250366762563219
ck_ed4427962c68918c,0.8508867929509265
ck_c5e4a17d3efb19a4,0.5684669803536955
ck_8aec3d3dd51517c2,0.0043772402757005936
ck_f5178a658225d8e4,0.004958979247086808
ck_8594f165e95316d2,0.005907713801189384
ck_f0c4aac04076a6dc,0.01158613521284156
ck_ac2f7397801036ef,0.039778869890496886
ck_d1ea4bcc407c7d5e,0.011230080050524647
ck_cce8b6657a538fe0,0.024222891882054176
ck_66d0c6d6b67a8d58,0.001507634855778535
ck_1a6b30320835e57e,0.009286875471473409
ck_8cd274cc85aa35d1,0.021828045365661873
ck_ada46085a78280e4,0.015967813777899093
ck_ce1b06623e4a815e,0.002405765554246041
ck_45e70c8a9686580c,0.04670914493211977
ck_0084d8ab6b1044f3,0.0013650475593875075
ck_a5f7b6fed6df2aba,0.04501542697363972
ck_94940d783e7988e6,0.00797987891752155
ck_00f9ca84d1d8ae7a,0.004218653583696721
ck_0deb56f3f6452818,0.0024338282982253757
ck_a58e900469dfc3f0,0.029800840982062538
ck_028c41b195280980,0.009387445215107319
ck_7661d7ceaeb19f97,0.02050963239267174
ck_6957905a65c47879,0.030102094947033597
ck_f7c6c26ef3c4ae06,0.06849101911439523
ck_8777beb11aabd66d,0.008190984070531765
ck_7db098a17374bbf8,0.9522256998621549
ck_66aeb00e44486cda,0.07538298742031446
ck_838c52cc1d315ec3,0.125708307463107
ck_1745847cd4e5dc83,0.019793875106159764
ck_201687857ec8b3cc,0.02428294169446251
ck_81818169208a8cda,0.037504215653909184
ck_3303fd3f64632c7c,0.07333126199337528
ck_edf1096809e83ef8,0.004644395521453508
ck_235ce9603c7dccbf,0.11872188179717941
ck_9df7e153868bca13,0.008368913110753249
ck_3cfeade2cf270fee,0.03972436778636263
ck_982b0bf2e2b6c4f7,0.004031131955698906
ck_faeb0da678bb86c0,0.0018695267633891356
ck_e86ad2fe815b6ed9,0.004477926304730374
ck_70d69e5d1bb99e85,0.03026634386117215
ck_7e9a8924eab779e6,0.9544812778671016
ck_019d5891103e7da3,0.009707828460438038
ck_14f0484b3817eda5,0.011423599549463327
ck_85de63d278f0fbae,0.0013431483257354997
ck_ae91b4cff57fb3bf,0.008235447370092347
ck_2a6d43b9f883b78e,0.4413826219318194
ck_7a4e3d553e8ab5b7,0.25327022016858886
ck_fdf89dc69f700f84,0.09773451886383117
ck_f92e04024bf13558,0.0012789670377633664
ck_4a522ca2dc4831a0,0.0020103128627527583
ck_68ba25dc3385fea1,0.009489835801620505
ck_22128a4f0d033422,0.042638381992414744
ck_5b52ee0a13c71590,0.007772403808763853
ck_59472d17debedafc,0.017553277338759606
ck_9dde2c63acda3ba3,0.005113957106635723
ck_7510b1023cd08531,0.007172482095257895
ck_071ddaaf2e4e3671,0.006705758616796938
ck_1355db6f4010232a,0.009679161772908318
ck_0a7adc2f27f98510,0.33991188853165805
ck_68250033717cd59e,0.016541956751262413
ck_7c12de74de30b788,0.5977563392277604
ck_65491367584c730c,0.011709974026926197
ck_e9047964952bee70,0.08328243567412053
ck_5567779d6ba184eb,0.011209255754120477
ck_d6ea026357ec6477,0.009358309627778357
ck_cd7dcc884e283746,0.02368463605234787
ck_0bd77fea8ed75a15,0.01584849839288868
ck_e80883208e8d0453,0.018314907170757413
ck_2ad0ecbacd5acf8e,0.9221081645245001
ck_6c1dbee7e8fdd5c8,0.008457845147920104
ck_ee4d9a7449515908,0.001409889867447463
ck_636111f7f030496c,0.005479412282017338
ck_2c629c657f73941f,0.005894102395581924
ck_c1c9d3842d758420,0.059508199239353306
ck_e4df7faacdfe8c40,0.02381910339932094
ck_94e8142728e44380,0.050888423704578266
ck_765aaf42c5088545,0.009819684634202526
ck_e0f845159b6e6a4a,0.03179924336459366
ck_5bc07deb82edbad7,0.0017571954193431405
ck_713159c5c6a7a4d0,0.9892194588555421
ck_b08afc91d9ca55db,0.027976860368054905
ck_a7bc323ffed2ea97,0.21437254118944335
ck_85ca825f905a34a1,0.029561801697992676
ck_33160c443d4b3f19,0.01978802034194409
ck_832d39c590a3ca75,0.8628514532174635
ck_7d1661a34164406e,0.8967363545325802
ck_c2466fc40fc9d5ed,0.9707861089994185
ck_ed0e776c0926ce67,0.056528252220064065
ck_cdd2ebeec75bfa69,0.23301599745179594
ck_d7877684c7923ec3,0.022141311448991195
ck_7384d4d2406aabf4,0.015248868943096131
ck_b8e5244e650aa81b,0.04377545566776797
ck_25a1ea40b2d59254,0.0012718039413493157
ck_b9e5b318ee4de68d,0.003538726007788959
ck_620d7ae27af83cea,0.014109409237684974
ck_40b4e264d1a12b83,0.8830888494627
ck_b694c803b62862b3,0.006034077134564825
ck_cbeca201dbade3e5,0.03670897789142827
ck_f9b439c9161c3e52,0.014681057029695873
ck_9880410fcd10a28e,0.005290095540108871
ck_74928f5f91aa12b2,0.04835717343048803
ck_b6673bbe61d2680d,0.01936943768148806
ck_53c8315b5c30acb4,0.0070599472073633604
ck_78f01d78ea79642f,0.01666343500905498
ck_8582490d6e365a63,0.022120004506366815
ck_af25c72d16299258,0.0027009369229066844
ck_7905fe8e257b0449,0.2614405178421765
ck_0d16d9349e4a9e08,0.034958590286003
ck_31b16b8848584e98,0.025148294239994564
ck_67207e3eecc02d76,0.013273747038927962
ck_e6b95ff91116a592,0.00855768302182474
ck_c08f622bcd6de6e7,0.005322654451114548
ck_f9a68da9e0f0bc85,0.009860025977392276
ck_4072b59388976896,0.006454140114727795
ck_8ec86e853ad52828,0.06306298695211959
ck_4fecb87eaffd5cb5,0.004431135858301935
ck_d6880578428b965e,0.1730882319835731
ck_bfc82b3c1c9f2897,0.6992611734149641
ck_c340644176ca03e7,0.032282945044423944
ck_321e740066fb05c3,0.5162417854042206
ck_8929d2eb09872052,0.07758095176331517
ck_205c107cec528414,0.3160101950109795
ck_e76db7d2562f9836,0.008068380315686078
ck_9ede51c8434cff6e,0.0218216158177087
ck_492e4b89c61b7b6c,0.00828366842094424
ck_9385f5a1eeebefcd,0.04057830121839942
ck_ee52c7bf88f952ab,0.006344528355545846
ck_d8116c34302021d7,0.004059284840288149
ck_01645ea51972e99a,0.044304934142980236
ck_7b45ed23304a854b,0.019303054064478443
ck_2096d32f3d497ea1,0.20663067199488677
ck_dfbb2056f1ef7d3b,0.014497877443896514
ck_938ce30c864bc7df,0.001992461726624245
ck_ff30dda2c881a4bd,0.6580845309311303
ck_f88c79186a082beb,0.018860586466380024
ck_08c7bb0f9851cb76,0.17919689993515803
ck_2675e7a008e584a7,0.024577801957832567
ck_cbaf8a954281d4e3,0.8581537035601922
ck_8b24eadf6c72b30c,0.6503487474941085
ck_ffc8e3c1377d0706,0.0038622177237390403
ck_5b59e859bed5b40e,0.018228898346082392
ck_7b61717f172f9317,0.925040885527482
ck_e5c30947b732f661,0.32187761322991526
ck_bc273f3ce79f7e1a,0.005587615839573253
ck_f69e93388b3028cb,0.17825708027024076
ck_3837ad850996ba60,0.023073501869732737
ck_36d78ff3bc033ee5,0.010742581977798085
ck_5e20953547ba4135,0.1367976707779413
ck_258d661e450ac870,0.008552011234165229
ck_1df66f537496ca59,0.09464982735887002
ck_361f535599110201,0.005896726688071069
ck_337e98c69f6e7886,0.011634337637435412
ck_d3d5b2717cfc3913,0.018930913616539514
ck_b1dba768dbe7affe,0.022767750482038888
ck_92d782bd9ce0d1e3,0.026301689010845095
ck_26bd0f8898afc8ba,0.005424479574292059
ck_7916e53daab36745,0.04828965873044006
ck_2caf553b31831a50,0.0051647115614554895
ck_c6200734c7f9b2f9,0.8819709593674931
ck_cdc55623cb16e6a9,0.0030893192546381783
ck_57849e15b61c43b4,0.0017991003929763464
ck_b7af9b2ee0eebbc6,0.024521494958103504
ck_00aa5fc3b3bc66aa,0.12393585296196542
ck_9929723f65636c7f,0.9924381316938862
ck_8f6cce9f69912983,0.00913800299061865
ck_c422ba389ff00781,0.0026490889285504656
ck_9ec7f334604a228f,0.040896641062669103
ck_5d01200ba3341462,0.007802254784036275
ck_2bf10be403849c9a,0.012818407674952677
ck_6ca018259f70858f,0.0015409753591394582
ck_a54dc042ebb7c766,0.13675735344933365
ck_79da63fc100830b5,0.01958053768852188
ck_67ab6f9e05c85085,0.009252491845340114
ck_fa80da579ea9afc0,0.007337654219943557
ck_4339f86c87289222,0.30998713893858343
ck_a2299b4f530be0d6,0.3890508285451466
ck_19db0bf788697c2b,0.01014015711000441
ck_fa4211c4d826d830,0.0014715625132185569
ck_96100d5e8e051e91,0.003932097288103641
ck_5c3a671883d58b3f,0.0006293434443532359
ck_2d9524787cfe1ab3,0.2547890490224191
ck_47ab8e51e5b3a2d8,0.0033777843212241467
ck_c924f36bc1bbbaa3,0.006662532907861658
ck_5c58e7f8fd55e26c,0.0017349727918372993
ck_a07e7409d6d5aa06,0.016817808878720204
ck_c8413898f5f7cb7d,0.02746103850677951
ck_577c816b41cab002,0.8338615282501628
ck_9f7807ed64cdb728,0.16519720539150803
ck_495d814d6d6d521e,0.0006556238229763382
ck_7aa8bc018c2b003b,0.009531102644491352
ck_7c3a6a82f3c3241d,0.014306762908855705
ck_487f7fbc290e4ae2,0.02541873953586685
ck_e556c4d36aadbe03,0.005969035992138416
ck_7e6569a1b2455cb0,0.0011066291209696534
ck_de2924955926d046,0.04999628421162303
ck_73d60b4630e3937a,0.005393811927188954
ck_805ee564bd35ef15,0.049310818881963876
ck_0d40961e47797027,0.0016118052841827633
ck_f06d00a4f9c87d80,0.0009069059688967153
ck_5ef50fb07b6737d5,0.03797912524819082
ck_16541fc15683e21c,0.005123596790583804
ck_09fd43f1b7e2eca2,0.003075218475843687
ck_2a2c336a69b8d68d,0.026065336974834638
ck_2685f38930866af0,0.031701220597330305
ck_298278a9da874437,0.008579761535782647
ck_00bd7803f2530c68,0.022237712049621886
ck_c2b4a1d8c0b6c1cd,0.0006665463819574048
ck_2acb54ca20c3af6c,0.046397566373472546
ck_e3d4b6f681c783ab,0.039427983499203303
ck_f90293f1eba5d7b6,0.08008754413852867
ck_e69d27e8965df0be,0.001392232413273341
ck_b7f5d10b427346ad,0.005020195167685337
ck_1ce20e4223a936b1,0.026646134841787173
ck_6b97d1ab90f6bdeb,0.04079759006751086
ck_e30e17db5473c7b2,0.002400207491233095
ck_154c8efb19dee665,0.012237310119357574
ck_6f5bb0c930644cae,0.9926204752940387
ck_9e17699baa83d173,0.0027214344964310044
ck_9693b1eb70880205,0.015377929672424327
ck_1e97899875bb427b,0.0036361788997482797
ck_558a82590f65df69,0.0010778977006887338
ck_18df83242ff3cdbb,0.045260538193789425
ck_80ad4396e1084c68,0.0631379229681437
ck_0a993bc947bab61f,0.011157799233311668
ck_5c2d43ff841632f9,0.006059103265929717
ck_6e4b99fb9725d9fa,0.016184010852614585
ck_e0983999ca26c19e,0.06971680722085931
ck_6573c4947cc8607e,0.03060448205726161
ck_d879d645d6e44207,0.01103927285744581
ck_1375ad9f10688e4a,0.0035898524835506567
ck_7501ebbf4e21f160,0.012195793605362007
ck_ca60d61cd4dc3bea,0.002799000268963585
ck_ab9ea095a5c58b4b,0.026058271082582577
ck_23756522b58df5d8,0.0018660315324329475
ck_90bc176c43d85fd5,0.30801848720163233
ck_908b663b2dda94ad,0.06922030775822438
ck_4df2fb8e4b649e27,0.008429192543091803
ck_5615c6bbdef05291,0.10440891183678766
ck_b62f3e3185251f71,0.0016529955263433105
ck_38d1a22850178f33,0.0028992526930431157
ck_5b3ba20c8bb1383b,0.010395401187818844
ck_5576ffc6aaf6f22c,0.0008012764698687029
ck_cf7a022178165e56,0.004255395393793271
ck_f2c7a4c50e2ede96,0.02443315440491626
ck_285719c77eadf915,0.0007061246912795776
ck_f2aa1b677619ab19,0.01128639666852353
ck_3830c58d841e9e69,0.606169582635645
ck_32eba3510c8eac5e,0.003564332578790332
ck_8955d7b9030d5eb5,0.12473124325226792
ck_6775e387dace7525,0.061812171715655284
ck_0a0cd7f4be606a93,0.05413106175702784
ck_a9f700eee5d638df,0.0017302468059865394
ck_3d7db96995745472,0.019273949875088826
ck_aeed557007d52e9c,0.0020749536764229208
ck_79b6a86830156b5a,0.030541464777584387
ck_6a1ff9d69466181c,0.9809582320756164
ck_f11b1565f986f5e3,0.02064026033458834
ck_4819327a78615485,0.004192192824666796
ck_3ed9e081959b2f5c,0.017427830098706326
ck_16af4be191c47d3d,0.0018411838367231054
ck_25122cc0e8b1a662,0.1532260347986594
ck_509c22828d467ba3,0.03268258945792064
ck_31109c899336348d,0.023492680053821276
ck_c51131e53baa59c7,0.0009206981060210403
ck_cf8ecabbc61d3e11,0.004304206020035015
ck_eb6baff0f85ba936,0.0210572172109169
ck_777669e2243204f2,0.7701040935783392
ck_ac0ea27e692acdc9,0.01721150078260977
ck_4c6ea04ce8ca9e2c,0.007632708148785889
ck_ca54b32fca7e94cd,0.009309638076087062
ck_4dfd8947f540eb24,0.006596547224188245
ck_95aff1fe27fb24bb,0.08263145308840174
ck_c7550723b90e5615,0.00369932085352388
ck_57b3fee69bdf85e8,0.004260028850938874
ck_f823407ace7ff064,0.11499670603881838
ck_a69084a068bcc8aa,0.09443827106986707
ck_c7b17f7b24bef5d7,0.014729407403909708
ck_7c4e588f927c27c8,0.0166777146181512
ck_77fdac602d0c6f95,0.05233045175545088
ck_e963d8525018d072,0.02059374878308168
ck_6e8ebaea8f7bffaf,0.0025937777822931706
ck_aa42976a31cb7770,0.004942139866527013
ck_22c862a496008c96,0.9874399106073858
ck_527550dd15f38782,0.040046561142902344
ck_b3ab3c210e2c7c19,0.021425501059688556
ck_ed9c56fdb9f45ddc,0.5407531371274664
ck_b53281da70defcfa,0.009622815695516993
ck_03009b721568ee98,0.030555761855465307
ck_3d9afd862b3f4053,0.2628502229690781
ck_ad3c4be96599554a,0.006475519237394751
ck_d1c787c27d50af49,0.03549807422799657
ck_c7a9c7b2eef46a99,0.007427603725076426
ck_53036d3c6c74446c,0.32438593022789386
ck_1b1efbd9c0964c8d,0.005597526632732994
ck_d66f42a269d5c1ed,0.05121949428876172
ck_fefc49a2b8ad993e,0.016187477438295083
ck_8b3b874249adece9,0.031811220175578296
ck_193d9c87ad3f1dad,0.015128042229902751
ck_0c6a50d747593b7b,0.03164015220628914
ck_c830f3830875b47a,0.03457716198605346
ck_79e202f06d8dfe42,0.04672588673532662
ck_5c0fe988b8aa7fcb,0.1781898492750763
ck_a8382d8345f21e1e,0.0019993643389234375
ck_8cb20053914692d0,0.03346643090852091
ck_1da2f69023ca4c13,0.0025998964475027675
ck_38abb60995114f8f,0.030170230246324217
ck_f5791fd8fd8fd191,0.02735296210248485
ck_a4e6fc391b674335,0.4908460764591414
ck_bd771efb4a7e15d0,0.005427789409068988
ck_38ba4a6b6a292054,0.08441805083502638
ck_f7a07283345a0dce,0.006333099045665631
ck_87dc484baaf5a23a,0.0010535611267620325
ck_c84ef83489badbfd,0.018794708136469784
ck_a397cd64ec5d644b,0.0063952571768961936
ck_7977135c2ff61e92,0.006818064736345893
ck_52174855b243a8b0,0.08116259559371616
ck_0f35e930d0614613,0.9114741399207553
ck_b170a7db522a0d6f,0.024093019082598404
ck_7af748a23775bd54,0.16431064684855998
ck_52f641c9ee6fda70,0.0041058576624771635
ck_c3719a30414bbb4d,0.023770539630865506
ck_2baf214ad6bc0dbf,0.04408859428499975
ck_8b39d8aacfdd72b4,0.012881403263774684
ck_d39b0152116203be,0.010497114964828812
ck_ed33f8a937f9c7c8,0.021982028554907523
ck_8ef97b55a5fd6ec9,0.005327384171466998
ck_8247f008a14bd1a2,0.0013623371657557634
ck_f0d349d68249d5db,0.0060548943330340985
ck_a544e766540861fc,0.0033601906809683207
ck_9dfaca4c7c80b10d,0.0627690601479768
ck_7e5401c362b2216a,0.0027253304957297105
ck_64ff60c073fdb6db,0.037797714469521244
ck_fc5ea49518e5d637,0.007315102954269438
ck_580f136ced341298,0.006450812011503314
ck_9cbef9bc95449dca,0.004557338804080406
ck_e475a3b8ba870a7e,0.003122083504904821
ck_97e94708bcf43563,0.022247475650801284
ck_13f03ec785cbdae1,0.0019488510265388617
ck_152820d8817f478c,0.013903600676836807
ck_d20d4ba60eec9945,0.018435964359350326
ck_5c45968a805132e0,0.03800971171195965
ck_bebea2cf3063fb24,0.007905558875808122
ck_c3c69aefe7ea1d2f,0.02033801890851095
ck_02028b72f26fe855,0.00945015853514895
ck_dfadff70a58a9133,0.0016670258318727412
ck_6482ed4491bedcaf,0.004813936722159933
ck_754cd7b4a5ae3f94,0.02834055964970339
ck_3132857aec8485bc,0.0014003547518321822
ck_7ce4ca91b8f9f1c1,0.038325830194352394
ck_41938582f4351772,0.0042008592769012185
ck_f87d66946252476c,0.09328841567627917
ck_8053f1879a9b4e43,0.0036181547264706932
ck_93892e91387f5103,0.07920114528472877
ck_15254db133b28371,0.03100499474801941
ck_d557b9feb241b3ec,0.005703911608984037
ck_71c3a8e4c12c989f,0.008201195626071515
ck_80e3041811033443,0.030296534730372176
ck_3380d60067b4634b,0.001589092696756339
ck_a9c2cdc758df8510,0.05002241082965106
ck_3c0031d7514da17b,0.006532299927842348
ck_18d214b1418be39d,0.002746940642731766
ck_7ce768407fd48321,0.026559584067245855
ck_7a50abd42298133b,0.013329342352571372
ck_2db10f987d137582,0.04106852863908397
ck_e077d004cd1d80ae,0.015324497688195883
ck_1cb6dc67f9a321b5,0.19482991965542268
ck_b864f64101149c35,0.3972338047721486
ck_9bedf54df9418e4a,0.0044353863645249
ck_c47e32c47f0e6578,0.12048378861123528
ck_71f382d5e338daa3,0.0034540091246291786
ck_14b4bf7be6ac2b61,0.05024679559046319
ck_5c87eea1cc07cc92,0.0944602699942808
ck_5f445182829ef342,0.02548565396241389
ck_a5d7311291caaa54,0.00821348456041709
ck_b7df99aecef385e6,0.038701583298809045
ck_3327a0582407068b,0.035161470174747855
ck_08dba09fd7dab896,0.021390325672808352
ck_f4ec334be5266378,0.0024107919627420213
ck_240f7f894c5a86e7,0.0050040325267372105
ck_a9d994554fc14a02,0.0005348834097883727
ck_13648cbd306eee6d,0.005802003953550877
ck_601edf9105b3c321,0.9807000692249144
ck_9527adac182abe57,0.29829401588476945
ck_4e0e80f5cc271bf7,0.001242101660181053
ck_96a89e720176b389,0.11607564455533471
ck_63560eec94b76d2f,0.023506317325286828
ck_c9c99e5b19aeced8,0.0015862967394100922
ck_bc32655ee5ed643e,0.028550740455434136
ck_edccb5a93b741744,0.0072042627784399075
ck_f786cbc987b70930,0.001546446998124245
ck_0e8f26536ccc8947,0.015982439333642535
ck_b87ef4b98cfcec4c,0.040962566260585774
ck_1a9235812de4b2c1,0.008428518231534338
ck_d1ed88ea4211ba4d,0.0004836649047514814
ck_a4ddac49657a4450,0.04470502681553273
ck_d9ffca35188e49d8,0.026325862348696615
ck_3db73bbe03c3d240,0.0026176468163762057
ck_fffa0622344a36ab,0.000715030255695912
ck_148c28df51bba5e9,0.8855772436545684
ck_076cbc25c8f15fc3,0.927136899619819
ck_e5ca550b39ed45bf,0.41323961573089774
ck_8dacf3a2061ca17d,0.05441279244958441
ck_2d7394afd61643d0,0.010123192515931386
ck_e42206e91f6a1752,0.007458409236643249
ck_2f4f94827984c426,0.0022064049625407363
ck_edfe8e90e8f4366e,0.0019098412958029113
ck_646b15f753e5e9c6,0.05386007258970349
ck_66600620149c8799,0.0015964695186493662
ck_4ff6fc70bccfba96,0.19213427552844833
ck_41af3729590c2484,0.013771738000928522
ck_920a48ba8c583e96,0.0027783695040738293
ck_0253b3e7be021306,0.0018692519629682157
ck_2ae6949246ea2648,0.01574647875230141
ck_db23a5100f338d72,0.01573723868100684
ck_fcb2a559474c3493,0.015327208073108792
ck_0a4d7acd2a53cbbd,0.004065320293047404
ck_c5d62b2b7a6f3bac,0.8332527058544044
ck_cf59f4fc0ea690b2,0.01130139978450576
ck_837be8126bb19250,0.0015042353861783769
ck_58955542edee1adc,0.012120893936590757
ck_1b93381d8eea58d1,0.005972558708948578
ck_97b8e05d62abdc14,0.02360255221951634
ck_71a0d645744302a3,0.0034030318174688664
ck_a7b57882ab66b111,0.001485757816144021
ck_65f76421be648549,0.020295036544412132
ck_b53ea8713d32ca7c,0.05767118163718218
ck_991c4c924a1d85ff,0.7930133730202971
ck_8432ccec1a4ec7fd,0.9845760972072873
ck_64c1633297f43788,0.016530777409713936
ck_4291fd9c1161d8e1,0.06040222657424326
ck_5e98ed6391d9f429,0.051154250134987256
ck_c7baebe4549fdbb4,0.039723461019942084
ck_6e67225ba59fa5ae,0.04650389991110454
ck_719602def4d35fe0,0.02229616945328407
ck_bdee7c86f5ebe81f,0.015429942270688559
ck_8de38f8c7f91961f,0.043848426903647784
ck_b0b5bf9254700402,0.036207551810129725
ck_7b55d9bb1a250d4f,0.09986592918682391
ck_3954b7b0fd1d6614,0.0024754705001643804
ck_f29471fe7c818d6a,0.005159007924489042
ck_9e65a8a2f587691a,0.024358931403832197
ck_eaec5f1a83b66eb0,0.0972172506476203
ck_004fe0daecbe2c1a,0.011222931390025769
ck_d17653a4a2d4a79e,0.01612936362020473
ck_0dd417fcbf19e424,0.0395220627886027
ck_4c99a6eadea143e2,0.1943799552536419
ck_74d602c907ee9119,0.0008894389047670202
ck_1aa87cb62acc0ac6,0.012526582596911464
ck_094974d75e29fb2f,0.22537193374685724
ck_5ef935ac3d4d3332,0.023432775607645
ck_b26e4ae47c9107ed,0.12185283966030246
ck_396cea6f95186ad2,0.018763417090883694
ck_48446a9e8184c7d4,0.002072945313661148
ck_31e1ede23247d56b,0.08920784343368483
ck_7afefa349b960a3e,0.020179158071562706
ck_f5e02a3432571b20,0.03485959901448729
ck_64eefec062592c43,0.01310736875434299
ck_a1201284122c141f,0.04275949381979807
ck_1b34c420a4c85a95,0.017495094987310788
ck_d637a011332ba67a,0.009124715046636468
ck_99c0004d8b7079f8,0.015709825612027918
ck_948517bad569b40f,0.07384368582561456
ck_a28d6b1601b472a6,0.029800840982062538
ck_a0b4209feb31f5c0,0.9918386803465128
ck_d6d2c1f6dfc455b6,0.447867762154716
ck_3f9e6d356d3dd3cf,0.004417144291320297
ck_d08e00c842b75176,0.006933789676124186
ck_bfdd232a7c5f2660,0.029800840982062538
ck_2cdad03ed069438c,0.039877874385717056
ck_42317c3eabd0a285,0.2770112656005461
ck_3eb73e56751c704d,0.04005895056042678
ck_ef33c04f4c9e3758,0.0473521701594508
ck_1dc23dc870f1773d,0.02328804494216175
ck_76091f357974a152,0.009407318828072013
ck_4d9eb75e8eee90fd,0.056815269380122435
ck_578f67e69e5d2cfd,0.0006925965837030137
ck_3a8ce1cc724229b8,0.0016549508614783915
ck_a96887f841e80fc1,0.022221979380152114
ck_d2d4a8f4a9f2c33f,0.003508468722825044
ck_11f85bc705dbe036,0.052429989315818847
ck_7429b3f87528e335,0.0025547694310623426
ck_26df74feac7ec51d,0.029628205860672233
ck_c78b2638fadd91ab,0.062209263757855536
ck_7eaad325abe3b50c,0.007426232431797881
ck_fd44e34af620e606,0.03196191566670207
ck_f99738dff854e25f,0.002989045198981697
ck_1ffbce3a239bb264,0.002816167115782506
ck_96c7d52ba0a766ef,0.0358885990169191
ck_cb1c00c300af3f9e,0.012978997654000991
ck_ec3d12848ced99f2,0.007794171222262273
ck_26cfd7c3c6c7bf69,0.011628171515663503
ck_7ae86b5a885affc3,0.046196690747975375
ck_3edaa94d28cd48ea,0.0036307378811649884
ck_3209c530c9812e39,0.010201773608697944
ck_ea62ebfc1f04b49a,0.006414169396294047
ck_5fc90b4668ea81bf,0.010827491928573107
ck_95654593cdebd141,0.0020107030428946297
ck_958c0bd61820147f,0.1014997691510509
ck_8440ef1386c07194,0.006488140045282566
ck_8cd1b68dd74b1375,0.27454767300126065
ck_c9eb4df91ff07f2c,0.07138199578375572
ck_c29489366c01fe65,0.8674769983685252
ck_c965fd6bec0f0ecd,0.0250948749733274
ck_84c402b23766e1f2,0.01806401704156083
ck_181f3dae03b87136,0.05092142543397953
ck_022a8ae79eb28cf6,0.969671966304543
ck_469c17407d17b706,0.02255857257981744
ck_1fcc5843f39148a9,0.0021985859616641353
ck_5debd55f361b2ddf,0.0029290974551094704
ck_28cb9b03e89263f1,0.0011936470548267826
ck_f067470743d3c7a2,0.08815466021875067
ck_d5d225ce41a1a762,0.01511498827162861
ck_15b4840922195ffd,0.00926898652165737
ck_6bcfa37c717f19f1,0.022104631140380915
ck_8d501a0386c66be8,0.2964623495567211
ck_1a9d6190c57ea7e2,0.3964700680024328
ck_c49832eabdac5bb7,0.00685217376063627
ck_b4331140b2e0d4aa,0.004412635953043828
ck_5efbea1befdefe1b,0.2499064873357372
ck_72ff52c4824072ce,0.015665755179497066
ck_ec3715add8bbb6e9,0.003901161476047765
ck_9822f8ed05335741,0.015615351322502
ck_c3d7d3d12a1981a3,0.004471219828711956
ck_a115a7919ac5875a,0.026421819429012446
ck_4dd4ed23e0b927b7,0.3809216785677963
ck_4c76efcc1ee6762d,0.02654912147543549
ck_3ad6e7bf452c9b21,0.02525755044986541
ck_dcbab304b55a42c7,0.00732238736957863
ck_24b53090faf722cf,0.007270901627796391
ck_187317383400491d,0.011338831063131227
ck_e07fd57565c94c28,0.06075106623196842
ck_740e760fdcd27835,0.005012346733767592
ck_d3796aebda1cfed5,0.8943646460450178
ck_e541967c681cb929,0.02218637603712644
ck_431118050b834dcb,0.002007851311807811
ck_90f3655f0c8a0074,0.001989478414162959
ck_13cd943777651aac,0.018973742281073836
ck_66accecabf3901c0,0.011756005983429714
ck_937f0da2306b2eb9,0.005810056878028923
ck_105b0c93573fd5b7,0.14741481444372304
ck_00480407160e0743,0.0034824917321318177
ck_e032068be7b77d15,0.06234073058136755
ck_991b7dfd69098320,0.015237309553537777
ck_37d47cf0f34574a2,0.0007794539654521509
ck_011551a596544f5d,0.0019911052192043855
ck_9acd98f4fe2d474e,0.2869771093710605
ck_7c88d3d377bb61bb,0.07075170827792972
ck_e2374c7136c964fd,0.047080239028628304
ck_2fa8f2577116e9ca,0.03329720396534085
ck_d07c5b0321c685ea,0.15218913753470314
ck_bc736114a31088a7,0.049423007797638564
ck_32bb42f9bff197f8,0.017122341427455112
ck_66267bbad1f1415f,0.978510334446681
ck_19988702ccd79201,0.016013208346506973
ck_f473a03fbcdbc4b0,0.0031370364365506855
ck_e3f1d85fa5d49396,0.028110222021201788
ck_c4402ea6291df271,0.07372980717652075
ck_243bd5ca8c4ae5d0,0.0021388148673500956
ck_f271e855925e8d6b,0.16824380433182326
ck_e424148c6f2223df,0.004670878247581423
ck_e4d0a9e1102a58b5,0.005379843661439096
ck_91c2a5fe69b9b1d1,0.007232764332592682
ck_5fd8924732fe403e,0.07808847075169481
ck_9a881d5433126ada,0.012159145328808726
ck_73cab88b29c7845d,0.01291088843514602
ck_5b5dea6476d4e182,0.011716036162453777
ck_ccccb17d2ca6ce94,0.04999537122325998
ck_cd1dc68e441222b1,0.9107455976954353
ck_8312c49b1431a406,0.008394005998907503
ck_25fea39897f2a559,0.010456199880333614
ck_f56200205280bddf,0.05646854549583086
ck_7336611650dcc088,0.0027476595418753367
ck_590716322ff147ae,0.034088800805201616
ck_c82364d87875a1a1,0.020051588030297163
ck_fa4b60387d744fc5,0.003077809050669108
ck_d841eba8906e9a15,0.003082612127774035
ck_d6df562a79b9d0d9,0.011398685592031688
ck_59a14d2564193101,0.0053634146121507315
ck_8530158e3d7f59e7,0.006056070397130792
ck_ac68d707006c12a8,0.007423287707733585
ck_976fac1bb3dd8c58,0.05648853529510344
ck_f854fba8f4adae3d,0.0894955593317251
ck_b98e9c3ec6e7d1e7,0.006696886689500975
ck_803c0b4cf9d4bc1d,0.017494346998814723
ck_76997a33c3ea5107,0.006770212713737465
ck_f1a9d832b700bda1,0.9534151616744477
ck_2bd96ddb8c323d63,0.9172744914442063
ck_9e5b7acf51b1b743,0.05112339054062585
ck_09169f22194fd6aa,0.031176900853619897
ck_6d69e092f9b0848b,0.026433608798995277
ck_9f83fa5a2d3b9049,0.006765659062060152
ck_57bbb19eecb4b87c,0.00551546377291536
ck_e0e9cfabb979f428,0.006425066007971446
ck_b1ff9edc51d42f97,0.006020052564477289
ck_4682fad271d47eb0,0.9481013477550417
ck_ab33fb754c818ae3,0.04487825833180153
ck_b456f62b80e21557,0.001238708470881876
ck_16340be3f2a7fffd,0.0024689219542130564
ck_ce66831f6611014c,0.009035619965017009
ck_4610a073bb54d1b1,0.023393524951002984
ck_fd038a7d33a9d6e5,0.00735553166568055
ck_c8198cb4c461304f,0.06427358841309068
ck_1e7de58822000dea,0.002367368691981987
ck_b2a79dd3df560f14,0.06882083931079203
ck_74a06f347b32347f,0.033699315544328146
ck_c6fdb2972417c9bd,0.023465971807240995
ck_d7607a213b800bfb,0.10243986516106798
ck_df65967b8b40319c,0.0007749977452853481
ck_329a73dbd585ee09,0.0018704928477926608
ck_74991a9e85c3b07d,0.0059221972271381665
ck_bb76609b79e0bc9f,0.002828273977383942
ck_f7fc1bd0b9ab1fa4,0.019841063555950413
ck_d111c98b36bdb791,0.0021942049013731458
ck_f07e27d125497b66,0.019694402961742817
ck_093e3a7134e11d6b,0.024619229019333572
ck_862c7953bdea48b0,0.017293983435970623
ck_392cf2cdd515c34d,0.00798187347149975
ck_80eb91b0b4001084,0.045884058968462656
ck_5923f53b77193a58,0.23351575101317495
ck_8049f5fce32be185,0.8634030047117136
ck_ebc5a2c6cf88e252,0.04210348863089975
ck_9ea5872f14cce338,0.031049520888753946
ck_f7fbc95ebf584379,0.004635459913360856
ck_bafe82c870356706,0.9787294345758991
ck_278b36c5932d9bff,0.004667116803204977
ck_6a892dd5d05c1649,0.006473048796437128
ck_0734fd90b2cabd43,0.022472511123360454
ck_9b552204498b6762,0.028724596900686173
ck_f6c909c205767956,0.04446509191364153
ck_32f590e87bc3d715,0.000993495041867459
ck_66a8325f28be7562,0.0035295383119819486
ck_b129261da9c3c3c9,0.003400265227070205
ck_a524071c51ddde20,0.016473116131492244
ck_ba576d6d4cb6130b,0.41173850768907483
ck_8d8226520722af78,0.06579310323326035
ck_c5b0f0d4f1655a20,0.03204816510960967
ck_61814ae9b6d8eab1,0.01870956601004292
ck_382ebf136f7fa337,0.3356393785776329
ck_423ff4ede6a9f066,0.004079228498809638
ck_546ad962d04b7de4,0.865344173204816
ck_9473ea4a01c95f9a,0.04235204742572767
ck_9eb1da8cd35a50ce,0.0084735014799251
ck_de5eaa2cdbcb67ff,0.09198394638763614
ck_537cc97d0398c922,0.05938778678636055
ck_998475a2e4dfad4e,0.007433683772562664
ck_e62eb708d2688fae,0.017234112402454697
ck_ea623358f704daa7,0.08228783502002093
ck_b911a09f328dfd4b,0.0029838107057619167
ck_4b3506b624e5193c,0.03280499412828867
ck_448456f96788713b,0.05807854821909076
ck_5d5ef9e75f65d076,0.026684011820082044
ck_3b74512f774a6e5a,0.0070040965957831455
ck_a032e8ac1507c6df,0.5896256903191075
ck_7e2d6b22a0ae20c2,0.08848183756657925
ck_d80283209c963f11,0.01286002224687337
ck_d1157eade2ac3975,0.01716124567690155
ck_be48f583f79427f7,0.03718746866631244
ck_0027b5d4107d65d8,0.030538564620798306
ck_94fff69584dd3b2a,0.022909661886218426
ck_75fcda73f0b43557,0.02536693854915247
ck_a1c78972e4ee4082,0.04006266649428529
ck_f0982bbdbd122f91,0.004868627182481704
ck_3199b471575aeb3a,0.005051876142587107
ck_7fa947a0b1c1cf74,0.17785669914856236
ck_a60c618b7f0e4252,0.0038197245278836474
ck_722ac47c8ac9b6c3,0.16232987354407882
ck_d44dc3839a195c8a,0.09151053811935657
ck_a2c3e82fab520483,0.029609904453331042
ck_6f8ae0319c07cafe,0.003752974333172468
ck_49886ff1e2c759d6,0.03988734182051138
ck_150a1108f936e6b0,0.008695174087715134
ck_e21f9f96f597695b,0.005478377722544743
ck_7297bff2b7fdcbc8,0.0014889696545448135
ck_ee949c71f4f702eb,0.9764933409952486
ck_6fc37dea4b4f35c6,0.09994382976278904
ck_e76257caa98dc25d,0.9375901348632028
ck_828eef2334e17b3a,0.028554354334547002
ck_604e1b8a8c693aa7,0.004836238602500471
ck_7743c9fe037d1f9e,0.009361904311088748
ck_864a11202e19e812,0.2682604431031042
ck_4ec040b9e3785e4a,0.011137342024867259
ck_7346e4f820d9c00a,0.7764520209464358
ck_48d4d63beb26b623,0.009151434172290598
ck_c423aa6de3ed1e01,0.0045224983903950945
ck_d74b2ead8aaa3f73,0.012433947426324189
ck_1dd69a11daa7bf1a,0.01326994273823785
ck_d9143e236eef177f,0.003029184893570164
ck_f790d91e5ff0eccd,0.15177530378356438
ck_69b5620e00ef5dec,0.0010335947868528336
ck_cd32e58e8a1c0e85,0.009354829481816061
ck_064013b0957d87a5,0.9947724926253064
ck_a481385c2e60dc4a,0.006862448003638765
ck_d72035cb29db3aa4,0.007719449719351251
ck_3759939a0205306d,0.026359138368777534
ck_f437a53fc832ec95,0.492999159219102
ck_260ef2f3e6434819,0.09110050062459125
ck_35e411b05d22f663,0.013283174688319218
ck_8bf46e472f3e20de,0.10662200013309078
ck_d546994fc5d3e9d1,0.012091258933511241
ck_6ff0fc7487e737e7,0.2953280627461782
ck_5c67f27816ae0b6f,0.020148536343148143
ck_c5517923458106ae,0.008333355770169486
ck_d9735647a6b0b0a7,0.7670802713574161
ck_541a734fc457246f,0.0678804766294286
ck_2f6a639468f41043,0.0030195887925864805
ck_bea2cf7a6b7bb900,0.004139784461233494
ck_7eebd0e6ad6c070e,0.004821546472585602
ck_b64c87d5e3b10e6a,0.9532651211674501
ck_9dd7daacb7833233,0.037747431374873124
ck_396e9ea9a6c6d7d9,0.03263390741523682
ck_1645e6cc53fa99ff,0.03609893677794819
ck_ea2a83ccb8d57490,0.005629011829413932
ck_e64f0df63e1be595,0.05815988846886858
ck_fa0b234481cb57d3,0.041370385668206916
ck_63379e3c9fe6f711,0.101051753975572
ck_c67f7944896a0310,0.04626913785438824
ck_c10e54c9db29e6ef,0.9823584316309711
ck_7184ad7709ae4c80,0.02992288106430734
ck_f8b6069d7577fde6,0.0249318772301172
ck_18444be153bac1ca,0.9259171337433612
ck_d0982b4e0e118e4d,0.01509163515420728
ck_6faf3e6820398866,0.007045574738717447
ck_97e980463aca4644,0.004877068821971655
ck_630c835243c66b19,0.9891287331025764
ck_fe429ba3e1aa0e4f,0.00931313473230204
ck_1058129ed7b48c59,0.04395289294805486
ck_04a1a46f07885296,0.022398992312076857
ck_f01e94331067edf6,0.014856435226463295
ck_77b2fb17c29f5e72,0.039754697767724084
ck_4f0c5857da45fb28,0.41239799214557415
ck_2cfb9a7775e8a5bc,0.9704417788612456
ck_6846100e43659bf3,0.004661244131769447
ck_f89719a854fe11d7,0.025922019893208956
ck_bf47375e41ca3bc0,0.0008084420623062402
ck_2770b0400a7bef08,0.063472718321647
ck_2a09d142de1c77ff,0.007341166106165171
ck_857a1f5547b9ad68,0.022488641882549364
ck_185f15b1523bbcf4,0.0012796788862755627
ck_ab2aed614ec1cdf8,0.010596596332341699
ck_a9e7f3b2d5dfd97b,0.004034400759727344
ck_0eeb3d9b3e697edb,0.021877290787053628
ck_fa5830d81bc8ddc1,0.002200188009061892
ck_231ae0329ebc3220,0.011293656301175013
ck_1587763dd54688c9,0.014407262857031224
ck_9f85fea4490c00cf,0.012753679028986168
ck_a2d709e7eb91e4af,0.05757837035565568
ck_43637d28c7216453,0.0013288206050370661
ck_f3ab5dd853d38252,0.02702762725545638
ck_4a1f0172d3bf4fd3,0.015783800815685374
ck_517620ca16505af0,0.0036301212056659028
ck_9ae904fbef56065c,0.00854004637965542
ck_d5ef1f6e34bb35b8,0.06148401396585714
ck_ff42557857ae3aeb,0.0017323524947221234
ck_ad9a18f58589faa7,0.00606996645262158
ck_df1a6edaa3e6b271,0.0044060925374233605
ck_99021fe7225b5a68,0.03913940860353999
ck_99e52c3c2530b69e,0.954176744601986
ck_3a4811dc4a1a891d,0.00456973840549687
ck_ba3a6be026c87079,0.0040074172340747736
ck_da6d1e5cf6aba6fd,0.02414824463396512
ck_ddc7c1f3d45fe6e6,0.01644707128276363
ck_e1b1e7a7e4a15b3e,0.005217198944321302
ck_8288f7f226e08b89,0.00832755661609801
ck_c4524993ec31dbe5,0.0025723539520834345
ck_8b19bb5b23b6741c,0.04977796822861602
ck_d21b38231a8a9f4a,0.20449005074615703
ck_3f730318a9792292,0.019279165201971038
ck_a4db6e94a8f77f9d,0.11970184495540258
ck_a8cac8d480306839,0.0077165709460825715
ck_5472214011fbc2a7,0.0035433084831007905
ck_7356f47dbbbe7904,0.004769004178758839
ck_16801e628e883d78,0.005028802580067583
ck_0dc1e536231c4860,0.026833516309838025
ck_7cd0634a6e60af83,0.01527555976426619
ck_ef6f8e048ae1bd4b,0.028883141476723176
ck_82f3f744209888ac,0.023714125784650618
ck_f33188c232a03526,0.21533058862173943
ck_4a59f4e10bf45d7f,0.002473574167791849
ck_d96c893721385e4e,0.0017439167732727285
ck_f65ab819373edb37,0.007902406451889478
ck_21cac21fc10b7768,0.004179847112510731
ck_139b54e6ccbdd7da,0.13580956372218836
ck_d6f5c8741697abb3,0.021259650770921422
ck_a28d9bb5590d458f,0.04283864428324225
ck_ed26d906883bea0a,0.003426191023892774
ck_227602ad072b838b,0.003878615436503591
ck_39d5f6c17c745ab1,0.002773821288912912
ck_744eade757ba69b5,0.04785928764751571
ck_c1295d97cdf35ec2,0.01785468263150442
ck_69105f881da3c821,0.025878369092551257
ck_933789b55361d7c1,0.8517701813988768
ck_b667952253503174,0.005654409522888129
ck_7bf668e25abeeb05,0.0031503462517061616
ck_91742711dfdffd56,0.044892535542905954
ck_af32a0660090dd68,0.061999397116667423
ck_2122f201e65f76ee,0.012632881801407921
ck_f48acb73a5d6af07,0.026692525967470952
ck_337c5684510cf432,0.055690909856269795
ck_f7bde7265053364d,0.0162712690590939
ck_c190c7b924edba75,0.06277414834912622
ck_044fa3b3a003f0b5,0.02182730653542822
ck_87eb43e3b9d96169,0.08829175909987957
ck_2d3d6c9364362017,0.0015144264761503068
ck_ac55dc6cbcdf8228,0.015764809061562312
ck_61d7b0568ec5d6cf,0.0060471755770850595
ck_89c74feeaffa7d09,0.00578666401027379
ck_93776b0c113f41f0,0.038993684589593514
ck_15e0b679931f7a8d,0.013896403634089071
ck_77b56c49cfdb1d81,0.1576364941512357
ck_73188a826b5f499f,0.008770270385508507
ck_4f463ef25325ddfa,0.23319731471822455
ck_863db2e394dc47d1,0.9244450229244282
ck_d52432ed597f3cc9,0.0036438971006261915
ck_04fb61e5739642f8,0.18289542172707482
ck_2e481d75d110c06d,0.15125018641167542
ck_3fa1a523d77cd619,0.025284014390964643
ck_466dc6274fecd708,0.02343108925095452
ck_e1790b3aa2241b10,0.8908487832795456
ck_84ad096a46e1a960,0.05155887039062965
ck_3be72c9c178fa00d,0.017494708229677067
ck_5a17c89219d1d9fe,0.009839694282375381
ck_4f639f4ee6ce8d9e,0.21634470852540855
ck_f4ec4a935e51b4db,0.025714120022785777
ck_f04040a830f92bac,0.012121478674828939
ck_3e4d02a04be2aaf8,0.11229296276667024
ck_4d1baef193cfb900,0.018844684512911006
ck_0fb3153d37626b75,0.001713720023977152
ck_88ec57a11b11f702,0.9285390829024717
ck_dca9dc465f759db4,0.008748198315113068
ck_64f5fba6af67e024,0.08829767279041308
ck_896096cb167254ef,0.14359124626883632
ck_7878679065876b98,0.043874582206563505
ck_fe8e5a6c880ceb4e,0.005453505992236515
ck_a5e036327d3d1862,0.0038719105579921964
ck_310f73940fc4cf4f,0.053590418143524415
ck_46a8db16ad00b749,0.02584890862518953
ck_0d33977c3de8cfaf,0.9894202544913752
ck_c6fff412f531db0f,0.0011526079687709278
ck_bac6dadf428eaea9,0.0252894895103592
ck_1b96d9af0d7da2d5,0.006611523868136872
ck_fa8a4a9e77799fcc,0.001737667299337074
ck_0bf48607a874b4d1,0.001571461025736509
ck_eeb75f8a6439f65e,0.02648621843565798
ck_a209a5f7d172125e,0.006458831416603586
ck_8f346b72fb40bf14,0.009307913717813199
ck_bccbf9fef367f00f,0.01957175303787644
ck_2d1548f1ee405cc9,0.006473510349650372
ck_e8298ff2dc1e9d50,0.010039005727301282
ck_77c0fb524edb4a94,0.0034716576086339566
ck_28ac4c5134cb8e77,0.09442790036157521
ck_db23a0e3e54be60c,0.8659786828799325
ck_a059d00cee5cee99,0.00377792574607791
ck_3e9e3bba8bd363af,0.0037758406148374907
ck_0428728df24cdab4,0.003994715162202204
ck_88cd35378075c84f,0.003103732114609421
ck_0174d76398d9dc0f,0.019297329397007647
ck_3f1287e6c27de0dc,0.009185838420882119
ck_ff822700f3605e06,0.9935001567117051
ck_4563227b2038ae07,0.1910577447622425
ck_788e78065526ee19,0.026509622783939462
ck_8a16eb584093b12f,0.0015202800312058683
ck_cc276f71ab6c08fd,0.05662691788363388
ck_d61d97b21002f3e9,0.03869353623278909
ck_4b2e87d86a5e415c,0.03459028066883278
ck_3e6f35e4500d2f2a,0.0021832053892157756
ck_3acdb083e0d8ad61,0.00260168047166886
ck_cd655202db489010,0.0028576191150233654
ck_829cbf5ccda481ae,0.010251796377587198
ck_f5882e6f98b8b4cd,0.0027451875800852945
ck_767947540b234add,0.016308999351198533
ck_a6e8e8f535b1f1d1,0.04951801577246373
ck_58412a2674fea506,0.006296413883364401
ck_fae7e518a585fa61,0.07453397814132243
ck_9c60ae6958d68dbd,0.40359342118818187
ck_328696b8f5e54ec6,0.08441078457225108
ck_7df3f8f4f1068d62,0.001463369779018658
ck_cfadd21458230ef7,0.00537708944656713
ck_7048bedd554c703b,0.004971656568054318
ck_50422466f145bfd7,0.00891373161863461
ck_61e1f7168cd9ff25,0.06904290462819168
ck_733aff0f56f5b3c9,0.014747867393481117
ck_e14892e424180549,0.004421991181495733
ck_03f6664a96de7d0f,0.0292730018753083
ck_b7f4baa2cc82fe61,0.010174489805954413
ck_1e51199a075ca0fa,0.0033994399653916652
ck_0e70516fa07cfb17,0.8981336566126521
ck_0f37c554a5057801,0.6069015020450126
ck_5576b725de38d106,0.0034904149653072584
ck_82f360df1e9f4eb8,0.06680230527848646
ck_395f3bd4aacd7ca6,0.032974470236664256
ck_5e8e857b63966609,0.37845750697310737
ck_93470896f0804b6b,0.8777407857921824
ck_3be854e42e76569a,0.004568340934547927
ck_0567302c57a2417e,0.14626065604227187
ck_ee535461b5f05539,0.18910137385816495
ck_94a096c36162a153,0.0107987853870839
ck_dfc8f5c141fd7c63,0.02640626705728693
ck_98b34f2d704c1c2a,0.05402027279035254
ck_96dff7a09d45f116,0.027307976927995654
ck_79557434c129ba52,0.008124184442280148
ck_4596624a7c01d501,0.01789155805486925
ck_04e89fbd739243fa,0.002292036018151253
ck_6149ffaf18872dc8,0.003065799358196179
ck_cd78f0832a09bd8f,0.5387139227277447
ck_7e29c10d781c3b41,0.00600240268499459
ck_1f7ee7b23fc6f2f4,0.0009385625280276461
ck_c49b685d2b3ab89a,0.009966436758295944
ck_84569a8fc50e73ac,0.02243178466592507
ck_b92b11d205af91eb,0.00527567576973874
ck_06280e6d6d2485b0,0.005826046164053301
ck_3c08546dd0c92863,0.011144763238964813
ck_99d3983f907828bf,0.006915250001056908
ck_eccfd552aa652d3c,0.0125604969495144
ck_0cff8153881875ba,0.015048822967626933
ck_c1aebbeca6ab5ff9,0.00806119691871471
ck_538fdbbb3c2bcbbb,0.04277223019234151
ck_8c0210322733c718,0.006287120008585455
ck_0b0c93039f987abc,0.01000836047138887
ck_6d07d6d1bd227d37,0.05975928934908097
ck_9b6ee35e8cd0b11c,0.0033836514479782466
ck_d838491d3d4f5ecf,0.00539157432018709
ck_0593ae243a9ebee9,0.037472683206547515
ck_ef261fc09be8eb0b,0.002656083363345111
ck_d0935b571a4a3868,0.016828851901044273
ck_97d04a67a104af39,0.07264455256280007
ck_e25f70d0b7229420,0.025691135157143496
ck_9b71274ff83de482,0.9579857430055947
ck_6de2aa2bb60978d3,0.0384178486143895
ck_eda55c8fb47593d7,0.009180223143623724
ck_924e572517515f19,0.18693798666252948
ck_d6f27eacbad310f4,0.026529539968607817
ck_8550f229b5eb03ab,0.0019235576379796543
ck_e3e95546a84d0ed8,0.07692756933970125
ck_3135c019696ee6af,0.9718725726279277
ck_41ba315d8fccb559,0.012449889933955004
ck_72b86e4485da2d0f,0.953229232937898
ck_daaa995f3c2f0e47,0.024566906597230022
ck_053746067839696b,0.026197347366227232
ck_a15fe7d0f4b65c33,0.4753620165209284
ck_15de11438732bb05,0.013022371112555896
ck_2c4d25acbe3fabd9,0.14206318803189197
ck_7f08078908599bd2,0.0433155343277233
ck_e794741742fb2619,0.010988452424185084
ck_238e53b6dee8c301,0.002372983396866258
ck_53a6a33060d5c8b8,0.002730916388119791
ck_0e0919292ad33472,0.5594275365212793
ck_d86ccf148c06c8c8,0.07539709743066911
ck_c881f26c9bf9ae42,0.4695013588661376
ck_4b0947bf94e9d847,0.03625971788432649
ck_e10ff5c38bd18470,0.015496653847509232
ck_b60de9e97aad9e45,0.6573315464368515
ck_190bc849e5ff5401,0.01842971343094922
ck_e7be077aa0b2632c,0.00444680114473443
ck_a51abde881ebeff3,0.03834759015653156
ck_2208392a9f6bd249,0.011380864054749926
ck_0259da8f109017e9,0.0021798395329425415
ck_05e01ab9c95449da,0.01633983212205551
ck_c82897ebffb6ae66,0.002595955095073349
ck_b4a6bb4689cd7cfa,0.032246891389301625
ck_9e21ea33018ce538,0.008733299913366181
ck_caa348f0e65db062,0.978089205828761
ck_a964e6b5d8415334,0.4467751836879688
ck_510bfbbee37ff436,0.024327329635174418
ck_9741a82faf5c7889,0.022745267136204287
ck_e7f61b4a39ba98ac,0.0022848658754152035
ck_069d158665a53909,0.06708101892316409
ck_6426427efe3228af,0.027059568249428383
ck_ab4a8d02ec3c0fd7,0.0018273077363804757
ck_aefa0d8d933e0eca,0.06989379253750742
ck_232325ef6bce92f1,0.02261993417755109
ck_14e58c3fb26a2b4d,0.014186839068496198
ck_06e73afdec26aecc,0.08009280919730702
ck_3168f4f2778d64e1,0.010248967553084713
ck_ff3998d6858daa21,0.0014438634014440638
ck_bccff46fb0868454,0.5518494643942546
ck_c7d444d90fa86d7c,0.5928220869298456
ck_f0bc3bdee6bfbb94,0.0420313538217866
ck_f7112818a6d81422,0.02752563813849883
ck_aca35dbcb835ad02,0.05481795719675376
ck_f637fabf0f60528f,0.012782271663759582
ck_53d17ab97de1ac3e,0.0099363508834177
ck_c8c1bf16d9113493,0.032989231732976916
ck_e842fb0cf055a83b,0.08048147121140023
ck_93c0cb3dac4891fe,0.007110147034739439
ck_0c1f088e17e46daf,0.028657661451105706
ck_8f4b384955bf57c9,0.006512692369717423
ck_09cd5c4df1e81ac2,0.016386753069090453
ck_1e832a5b2342554f,0.059575418182975494
ck_2cb763a881aee27f,0.0017173980084357755
ck_5875828b11406398,0.017674998434775706
ck_48e84b0cb0b90fa7,0.02992288106430734
ck_833688de8629c5c0,0.004293475963661335
ck_117d78ccd5820f36,0.01999644906677065
ck_668ec61c4c39cae3,0.0025005396605764026
ck_73a7794b659d7a34,0.0015651637975174243
ck_10f90d879209734f,0.009493369611277646
ck_d1d079913aa158bf,0.007291454875115352
ck_01c631b38e8a9535,0.026425712200394438
ck_f6923088c17a04e2,0.14466560858571578
ck_b447badc9138987d,0.007431716560047466
ck_8b772caed8f1541c,0.011482368353711497
ck_5403c76fe68a08ba,0.36120995372733505
ck_3e6833574edf1736,0.005476234685607383
ck_e527fbb9450a4581,0.5052156113412352
ck_cc90e219f1ebf390,0.0017054733884266037
